DISTRICT_N,REGION,PTY,VOTES,NEW
73901,12,D,178,12
73901,12,I,17,12
73901,12,R,480,12
18908,12,D,85,12
18908,12,I,10,12
18908,12,R,486,12
50909,12,D,95,12
50909,12,I,21,12
50909,12,R,689,12
50901,12,D,149,12
50901,12,I,25,12
50901,12,R,811,12
97903,12,D,134,12
97903,12,I,17,12
97903,12,R,910,12
97902,12,D,282,12
97902,12,I,44,12
97902,12,R,1813,12
141902,12,D,131,12
141902,12,I,38,12
141902,12,R,850,12
18906,12,D,79,12
18906,12,I,12,12
18906,12,R,470,12
161914,12,D,11703,12
161914,12,I,714,12
161914,12,R,11260,12
161903,12,D,4819,12
161903,12,I,508,12
161903,12,R,14943,12
161909,12,D,526,12
161909,12,I,57,12
161909,12,R,1812,12
161924,12,D,77,12
161924,12,I,10,12
161924,12,R,309,12
161923,12,D,434,12
161923,12,I,46,12
161923,12,R,1273,12
50904,12,D,121,12
50904,12,I,18,12
50904,12,R,527,12
161901,12,D,120,12
161901,12,I,20,12
161901,12,R,1100,12
175911,12,D,208,12
175911,12,I,31,12
175911,12,R,724,12
175910,12,D,270,12
175910,12,I,35,12
175910,12,R,1038,12
175907,12,D,414,12
175907,12,I,36,12
175907,12,R,1255,12
167904,12,D,0,12
167904,12,I,12,12
167904,12,R,218,12
167902,12,I,21,12
167902,12,R,415,12
81906,12,D,73,12
81906,12,I,7,12
81906,12,R,337,12
81905,12,D,126,12
81905,12,I,14,12
81905,12,R,606,12
81904,12,D,371,12
81904,12,I,39,12
81904,12,R,1656,12
147903,12,D,907,12
147903,12,I,61,12
147903,12,R,2140,12
81902,12,D,720,12
81902,12,I,100,12
81902,12,R,3215,12
175903,12,D,2054,12
175903,12,I,176,12
175903,12,R,5538,12
73904,12,D,11,12
73904,12,I,2,12
73904,12,R,117,12
161922,12,D,1035,12
161922,12,I,150,12
161922,12,R,3734,12
161912,12,D,154,12
161912,12,I,21,12
161912,12,R,789,12
161908,12,D,251,12
161908,12,I,23,12
161908,12,R,819,12
73903,12,D,904,12
73903,12,I,35,12
73903,12,R,1221,12
161907,12,D,541,12
161907,12,I,82,12
161907,12,R,2538,12
147902,12,D,607,12
147902,12,I,86,12
147902,12,R,3053,12
14909,12,D,5104,12
14909,12,I,619,12
14909,12,R,8960,12
14908,12,D,637,12
14908,12,I,160,12
14908,12,R,3043,12
14907,12,D,222,12
14907,12,I,64,12
14907,12,R,1314,12
14905,12,D,173,12
14905,12,I,50,12
14905,12,R,974,12
14903,12,D,4132,12
14903,12,I,868,12
14903,12,R,14308,12
14901,12,D,426,12
14901,12,I,96,12
14901,12,R,1853,12
14902,12,D,228,12
14902,12,I,31,12
14902,12,R,652,12
14910,12,D,691,12
14910,12,I,140,12
14910,12,R,2681,12
73905,12,D,361,12
73905,12,I,48,12
73905,12,R,1476,12
161919,12,D,284,12
161919,12,I,58,12
161919,12,R,1369,12
161910,12,D,265,12
161910,12,I,73,12
161910,12,R,1608,12
141901,12,D,1433,12
141901,12,I,281,12
141901,12,R,6095,12
14906,12,D,21750,12
14906,12,I,1891,12
14906,12,R,21398,12
50902,12,D,1147,12
50902,12,I,188,12
50902,12,R,4762,12
50910,12,D,2568,12
50910,12,I,353,12
50910,12,R,4586,12
18905,12,D,92,12
18905,12,I,9,12
18905,12,R,347,12
167901,12,D,12,12
167901,12,I,84,12
167901,12,R,1353,12
161920,12,D,729,12
161920,12,I,116,12
161920,12,R,3599,12
18904,12,D,277,12
18904,12,I,41,12
18904,12,R,1495,12
175902,12,D,286,12
175902,12,I,42,12
175902,12,R,1403,12
175905,12,D,145,12
175905,12,I,16,12
175905,12,R,582,12
109907,12,D,288,12
109907,12,I,26,12
109907,12,R,940,12
109903,12,D,88,12
109903,12,I,14,12
109903,12,R,419,12
109911,12,D,651,12
109911,12,I,79,12
109911,12,R,3194,12
109913,12,D,125,12
109913,12,I,13,12
109913,12,R,652,12
18903,12,D,58,12
18903,12,I,6,12
18903,12,R,277,12
18902,12,D,199,12
18902,12,I,29,12
18902,12,R,1034,12
18901,12,D,399,12
18901,12,I,54,12
18901,12,R,1953,12
18907,12,D,176,12
18907,12,I,18,12
18907,12,R,732,12
175904,12,D,251,12
175904,12,I,31,12
175904,12,R,1055,12
109908,12,D,45,12
109908,12,I,3,12
109908,12,R,182,12
147901,12,D,139,12
147901,12,I,10,12
147901,12,R,377,12
109905,12,D,170,12
109905,12,I,14,12
109905,12,R,578,12
109902,12,D,108,12
109902,12,I,14,12
109902,12,R,457,12
109904,12,D,696,12
109904,12,I,73,12
109904,12,R,1825,12
161916,12,D,500,12
161916,12,I,75,12
161916,12,R,2554,12
109910,12,D,68,12
109910,12,I,7,12
109910,12,R,204,12
161918,12,D,167,12
161918,12,I,45,12
161918,12,R,1032,12
161906,12,D,1904,12
161906,12,I,108,12
161906,12,R,1579,12
161921,12,D,1313,12
161921,12,I,101,12
161921,12,R,2385,12
109914,12,D,41,12
109914,12,I,6,12
109914,12,R,207,12
109912,12,D,81,12
109912,12,I,17,12
109912,12,R,581,12
109901,12,D,103,12
109901,12,I,15,12
109901,12,R,538,12
161925,12,D,76,12
161925,12,I,9,12
161925,12,R,404,12
198901,6,D,187,6
198901,6,I,17,6
198901,6,R,668,6
228905,6,D,81,6
228905,6,I,1,6
228905,6,R,339,6
228903,6,D,646,6
228903,6,I,40,6
228903,6,R,2626,6
113906,6,D,219,6
113906,6,I,13,6
113906,6,R,954,6
113903,6,D,217,6
113903,6,I,17,6
113903,6,R,1135,6
113905,6,D,313,6
113905,6,I,7,6
113905,6,R,1054,6
113902,6,D,242,6
113902,6,I,9,6
113902,6,R,1112,6
113901,6,D,608,6
113901,6,I,19,6
113901,6,R,1232,6
154903,6,D,84,6
154903,6,I,9,6
154903,6,R,727,6
145906,6,D,269,6
145906,6,I,6,6
145906,6,R,1318,6
145902,6,D,226,6
145902,6,I,23,6
145902,6,R,1663,6
166904,6,D,719,6
166904,6,I,84,6
166904,6,R,2043,6
166903,6,D,242,6
166903,6,I,28,6
166903,6,R,954,6
166902,6,D,73,6
166902,6,I,6,6
166902,6,R,326,6
166901,6,D,497,6
166901,6,I,66,6
166901,6,R,1621,6
166907,6,D,35,6
166907,6,I,10,6
166907,6,R,193,6
236901,6,D,353,6
236901,6,I,26,6
236901,6,R,1462,6
236902,6,D,4979,6
236902,6,I,318,6
236902,6,R,9524,6
170904,6,D,2884,6
170904,6,I,282,6
170904,6,R,12975,6
170907,6,D,595,6
170907,6,I,60,6
170907,6,R,3478,6
170903,6,D,2565,6
170903,6,I,246,6
170903,6,R,15403,6
93905,6,D,115,6
93905,6,I,10,6
93905,6,R,651,6
145907,6,D,159,6
145907,6,I,15,6
145907,6,R,421,6
145901,6,D,225,6
145901,6,I,52,6
145901,6,R,1645,6
93903,6,D,131,6
93903,6,I,20,6
93903,6,R,1008,6
93901,6,D,285,6
93901,6,I,27,6
93901,6,R,1627,6
154901,6,D,594,6
154901,6,I,27,6
154901,6,R,2431,6
198906,6,D,36,6
198906,6,I,2,6
198906,6,R,85,6
198905,6,D,591,6
198905,6,I,35,6
198905,6,R,982,6
198903,6,D,508,6
198903,6,I,49,6
198903,6,R,2275,6
198902,6,D,646,6
198902,6,I,24,6
198902,6,R,529,6
145911,6,D,193,6
145911,6,I,34,6
145911,6,R,1863,6
239903,6,D,197,6
239903,6,I,49,6
239903,6,R,1454,6
8901,6,D,784,6
8901,6,I,143,6
8901,6,R,5212,6
26903,6,D,393,6
26903,6,I,26,6
26903,6,R,1160,6
26902,6,D,261,6
26902,6,I,24,6
26902,6,R,987,6
26901,6,D,727,6
26901,6,I,88,6
26901,6,R,3256,6
21902,6,D,9187,6
21902,6,I,1268,6
21902,6,R,19117,6
21901,6,D,10043,6
21901,6,I,1732,6
21901,6,R,23060,6
239901,6,D,2697,6
239901,6,I,313,6
239901,6,R,9928,6
93904,6,D,1517,6
93904,6,I,114,6
93904,6,R,4276,6
170908,6,D,2756,6
170908,6,I,183,6
170908,6,R,8954,6
170906,6,D,3000,6
170906,6,I,239,6
170906,6,R,11300,6
170902,6,D,26102,6
170902,6,I,1820,6
170902,6,R,65731,6
8903,6,D,345,6
8903,6,I,15,6
8903,6,R,1156,6
8902,6,D,978,6
8902,6,I,133,6
8902,6,R,4053,6
187910,6,D,0,6
187910,6,I,129,6
187910,6,R,1707,6
187903,6,D,0,6
187903,6,I,195,6
187903,6,R,1418,6
187901,6,I,58,6
187901,6,R,793,6
204904,6,D,378,6
204904,6,I,23,6
204904,6,R,1974,6
204901,6,D,1156,6
204901,6,I,82,6
204901,6,R,4762,6
228904,6,D,54,6
228904,6,I,2,6
228904,6,R,338,6
228901,6,D,311,6
228901,6,I,13,6
228901,6,R,1534,6
187907,6,D,0,6
187907,6,I,1015,6
187907,6,R,9235,6
187906,6,I,56,6
187906,6,R,599,6
187904,6,D,0,6
187904,6,I,116,6
187904,6,R,1409,6
63906,17,I,7,17
63906,17,R,169,17
63903,17,I,14,17
63903,17,R,322,17
140907,17,I,18,17
140907,17,R,288,17
85902,17,I,85,17
85902,17,R,1108,17
153904,17,I,56,17
153904,17,R,587,17
153903,17,I,46,17
153903,17,R,430,17
58902,17,I,7,17
58902,17,R,93,17
58906,17,I,125,17
58906,17,R,1412,17
58905,17,I,104,17
58905,17,R,1227,17
223902,17,I,48,17
223902,17,R,275,17
223904,17,I,43,17
223904,17,R,371,17
83902,17,I,10,17
83902,17,R,185,17
132902,17,I,32,17
132902,17,R,335,17
17901,17,I,14,17
17901,17,R,338,17
58909,17,I,9,17
58909,17,R,220,17
95905,17,I,634,17
95905,17,R,5147,17
173901,17,I,29,17
173901,17,R,566,17
77902,17,I,37,17
77902,17,R,571,17
77901,17,I,64,17
77901,17,R,865,17
140904,17,I,166,17
140904,17,R,1432,17
140901,17,I,44,17
140901,17,R,310,17
83903,17,I,201,17
83903,17,R,3353,17
135001,17,I,5,17
135001,17,R,90,17
54903,17,I,54,17
54903,17,R,510,17
54901,17,I,63,17
54901,17,R,565,17
40902,17,I,75,17
40902,17,R,635,17
40901,17,I,53,17
40901,17,R,394,17
251902,17,I,88,17
251902,17,R,972,17
251901,17,I,87,17
251901,17,R,826,17
223901,17,I,238,17
223901,17,R,1857,17
83901,17,I,56,17
83901,17,R,535,17
9901,17,I,67,17
9901,17,R,1048,17
140908,17,I,67,17
140908,17,R,731,17
110908,17,I,42,17
110908,17,R,351,17
110907,17,I,39,17
110907,17,R,490,17
110902,17,I,313,17
110902,17,R,2838,17
51901,17,I,41,17
51901,17,R,459,17
140905,17,I,68,17
140905,17,R,727,17
95903,17,I,41,17
95903,17,R,424,17
95902,17,I,29,17
95902,17,R,304,17
110901,17,I,47,17
110901,17,R,398,17
110905,17,I,62,17
110905,17,R,645,17
110906,17,I,36,17
110906,17,R,400,17
95901,17,I,75,17
95901,17,R,967,17
95904,17,I,59,17
95904,17,R,472,17
153905,17,I,24,17
153905,17,R,365,17
152909,17,I,142,17
152909,17,R,1635,17
152902,17,I,166,17
152902,17,R,1519,17
152907,17,I,2170,17
152907,17,R,15535,17
152901,17,I,9755,17
152901,17,R,38125,17
152910,17,I,130,17
152910,17,R,1138,17
152903,17,I,189,17
152903,17,R,1242,17
153907,17,I,32,17
153907,17,R,317,17
85903,17,I,12,17
85903,17,R,149,17
152908,17,I,189,17
152908,17,R,1361,17
54902,17,I,63,17
54902,17,R,525,17
152906,17,I,1141,17
152906,17,R,10997,17
96904,16,I,64,16
96904,16,R,811,16
23902,16,I,32,16
23902,16,R,435,16
35903,16,I,4,16
35903,16,R,191,16
35902,16,I,43,16
35902,16,R,177,16
35901,16,I,137,16
35901,16,R,914,16
33902,16,I,120,16
33902,16,R,1584,16
117903,16,I,107,16
117903,16,R,1234,16
98903,16,I,34,16
98903,16,R,633,16
117904,16,I,224,16
117904,16,R,2449,16
117907,16,I,73,16
117907,16,R,834,16
117901,16,I,177,16
117901,16,R,2056,16
98904,16,I,107,16
98904,16,R,1458,16
44902,16,I,66,16
44902,16,R,1140,16
171902,16,I,29,16
171902,16,R,409,16
171901,16,I,386,16
171901,16,R,3832,16
106901,16,I,109,16
106901,16,R,1359,16
148901,16,I,18,16
148901,16,R,295,16
103902,16,I,21,16
103902,16,R,332,16
103901,16,I,33,16
103901,16,R,671,16
56901,16,I,147,16
56901,16,R,2064,16
65902,16,I,26,16
65902,16,R,248,16
96905,16,I,18,16
96905,16,R,286,16
180904,16,I,96,16
180904,16,R,892,16
191901,16,I,2124,16
191901,16,R,19879,16
56902,16,I,19,16
56902,16,R,264,16
242905,16,I,9,16
242905,16,R,169,16
242902,16,I,55,16
242902,16,R,839,16
180901,16,I,0,16
180901,16,R,0,16
180902,16,I,39,16
180902,16,R,534,16
180903,16,I,52,16
180903,16,R,341,16
59902,16,I,138,16
59902,16,R,1463,16
219903,16,I,96,16
219903,16,R,1047,16
219905,16,I,23,16
219905,16,R,284,16
185904,16,I,11,16
185904,16,R,208,16
59901,16,I,163,16
59901,16,R,1411,16
185903,16,I,121,16
185903,16,R,942,16
185901,16,I,56,16
185901,16,R,302,16
33904,16,I,96,16
33904,16,R,758,16
242903,16,I,41,16
242903,16,R,632,16
90904,16,I,604,16
90904,16,R,5352,16
197902,16,I,29,16
197902,16,R,474,16
90902,16,I,20,16
90902,16,R,215,16
90905,16,I,17,16
90905,16,R,136,16
242906,16,I,35,16
242906,16,R,533,16
90903,16,I,38,16
90903,16,R,498,16
38901,16,I,90,16
38901,16,R,1593,16
148903,16,I,28,16
148903,16,R,241,16
148902,16,I,7,16
148902,16,R,257,16
148905,16,I,13,16
148905,16,R,261,16
211901,16,I,4,16
211901,16,R,142,16
98901,16,I,45,16
98901,16,R,608,16
188904,16,I,670,16
188904,16,R,6860,16
188902,16,I,91,16
188902,16,R,937,16
188903,16,I,127,16
188903,16,R,837,16
188901,16,I,5743,16
188901,16,R,37535,16
6902,16,I,87,16
6902,16,R,813,16
33901,16,I,37,16
33901,16,R,396,16
65901,16,I,106,16
65901,16,R,1009,16
219901,16,I,167,16
219901,16,R,1554,16
185902,16,I,51,16
185902,16,R,645,16
211902,16,I,46,16
211902,16,R,675,16
179901,16,I,173,16
179901,16,R,2217,16
91906,10,I,1640,10
91906,10,R,8162,10
91914,10,I,255,10
91914,10,R,2380,10
91913,10,I,362,10
91913,10,R,3099,10
70912,10,D,4515,36
70912,10,I,550,36
70912,10,R,14113,36
70911,10,D,3250,36
70911,10,I,302,36
70911,10,R,6625,36
70910,10,D,355,36
70910,10,I,62,36
70910,10,R,1369,36
70903,10,D,2313,36
70903,10,I,313,36
70903,10,R,5883,36
91903,10,I,1057,10
91903,10,R,6186,10
91901,10,I,96,10
91901,10,R,990,10
91909,10,I,276,10
91909,10,R,3169,10
91902,10,I,89,10
91902,10,R,1037,10
129910,10,D,0,28
129910,10,I,120,28
129910,10,R,1480,28
129904,10,D,0,28
129904,10,I,314,28
129904,10,R,3406,28
57913,10,D,12168,36
57913,10,I,324,36
57913,10,R,1634,36
57911,10,I,2341,36
57911,10,R,14258,36
57907,10,D,15985,36
57907,10,I,781,36
57907,10,R,7110,36
57906,10,D,20202,36
57906,10,I,470,36
57906,10,R,3364,36
70905,10,D,928,36
70905,10,I,86,36
70905,10,R,2035,36
234902,10,I,405,28
234902,10,R,4061,28
129905,10,I,481,28
129905,10,R,5043,28
74911,10,I,34,10
74911,10,R,594,10
91918,10,I,166,10
91918,10,R,1648,10
91905,10,I,268,10
91905,10,R,1800,10
57916,10,D,69,29
57916,10,I,21099,29
57916,10,R,45517,29
57914,10,D,66,22
57914,10,I,11381,22
57914,10,R,22443,22
129901,10,D,0,22
129901,10,I,461,22
129901,10,R,4157,22
57919,10,I,431,22
57919,10,R,2358,22
57909,10,D,0,29
57909,10,I,19592,29
57909,10,R,49927,29
43919,10,D,947,10
43919,10,I,197,10
43919,10,R,3944,10
74917,10,I,90,10
74917,10,R,944,10
74905,10,I,29,10
74905,10,R,339,10
74904,10,I,63,10
74904,10,R,495,10
43902,10,D,481,10
43902,10,I,492,10
43902,10,R,3422,10
91910,10,I,168,10
91910,10,R,1605,10
91908,10,I,361,10
91908,10,R,2709,10
43908,10,D,699,10
43908,10,I,164,10
43908,10,R,2775,10
70907,10,D,264,34
70907,10,I,29,34
70907,10,R,772,34
70901,10,D,35,34
70901,10,I,8,34
70901,10,R,210,34
70909,10,D,112,34
70909,10,I,6,34
70909,10,R,282,34
70915,10,D,292,36
70915,10,I,59,36
70915,10,R,1854,36
57912,10,D,19631,36
57912,10,I,886,36
57912,10,R,15695,36
57905,10,D,133304,36
57905,10,I,36186,36
57905,10,R,98047,36
91907,10,D,0,10
91907,10,I,48,10
91907,10,R,522,10
91917,10,D,0,10
91917,10,I,130,10
91917,10,R,1240,10
43903,10,D,250,10
43903,10,I,402,10
43903,10,R,4033,10
43901,10,D,13873,10
43901,10,I,1638,10
43901,10,R,23316,10
43907,10,D,14713,10
43907,10,I,2131,10
43907,10,R,34140,10
57922,10,D,6889,29
57922,10,I,689,29
57922,10,R,10970,29
57903,10,D,26289,29
57903,10,I,2753,29
57903,10,R,25246,29
43910,10,D,50694,29
43910,10,I,5872,29
43910,10,R,75839,29
43912,10,D,4021,10
43912,10,I,669,10
43912,10,R,12349,10
43905,10,D,28116,10
43905,10,I,2957,10
43905,10,R,48044,10
74907,10,I,136,10
74907,10,R,905,10
43914,10,D,1355,29
43914,10,I,3726,29
43914,10,R,15786,29
43911,10,D,1017,10
43911,10,I,212,10
43911,10,R,3521,10
70908,10,D,2716,36
70908,10,I,354,36
70908,10,R,13321,36
57910,10,D,16598,36
57910,10,I,701,36
57910,10,R,11591,36
57904,10,D,14478,36
57904,10,I,617,36
57904,10,R,5236,36
116910,10,I,112,22
116910,10,R,860,22
116916,10,I,28,22
116916,10,R,250,22
116906,10,I,197,22
116906,10,R,1841,22
129906,10,I,966,22
129906,10,R,5563,22
129903,10,I,445,22
129903,10,R,4118,22
116908,10,I,618,22
116908,10,R,4879,22
234907,10,I,461,22
234907,10,R,4467,22
129902,10,I,1986,22
129902,10,R,10713,22
199902,10,I,1143,22
199902,10,R,7258,22
199901,10,I,3854,22
199901,10,R,25478,22
74912,10,I,96,10
74912,10,R,959,10
116903,10,I,567,22
116903,10,R,1936,22
74903,10,I,461,10
74903,10,R,3769,10
116901,10,I,291,29
116901,10,R,2502,29
43904,10,D,122,10
43904,10,I,270,10
43904,10,R,2617,10
43918,10,D,64,29
43918,10,I,561,29
43918,10,R,3801,29
116902,10,I,119,29
116902,10,R,969,29
116909,10,I,101,29
116909,10,R,1042,29
74909,10,I,96,10
74909,10,R,1110,10
116905,10,I,1277,22
116905,10,R,7273,22
116915,10,I,135,29
116915,10,R,1015,29
43917,10,D,62,10
43917,10,I,75,10
43917,10,R,1054,10
72908,11,D,1,23
72908,11,I,53,23
72908,11,R,828,23
72909,11,D,18,23
72909,11,I,33,23
72909,11,R,558,23
72901,11,D,49,23
72901,11,I,10,23
72901,11,R,371,23
72903,11,D,755,23
72903,11,I,473,23
72903,11,R,5789,23
182904,11,D,0,23
182904,11,I,95,23
182904,11,R,1516,23
72910,11,I,26,23
72910,11,R,388,23
182901,11,I,81,23
182901,11,R,767,23
72902,11,D,113,23
72902,11,I,149,23
72902,11,R,2252,23
249906,11,D,0,33
249906,11,I,212,33
249906,11,R,2036,33
249904,11,I,100,11
249904,11,R,1197,11
249903,11,I,331,33
249903,11,R,3274,33
184901,11,D,85,33
184901,11,I,58,33
184901,11,R,1130,33
184908,11,D,261,23
184908,11,I,84,23
184908,11,R,1909,23
184911,11,D,91,23
184911,11,I,31,23
184911,11,R,705,23
182905,11,I,20,23
182905,11,R,218,23
182906,11,I,47,23
182906,11,R,513,23
182903,11,D,3,23
182903,11,I,490,23
182903,11,R,4341,23
184904,11,D,233,23
184904,11,I,90,23
184904,11,R,1971,23
182902,11,I,65,23
182902,11,R,1086,23
49908,11,I,10,11
49908,11,R,156,11
49909,11,I,18,11
49909,11,R,302,11
49902,11,I,75,11
49902,11,R,1584,11
49907,11,I,84,11
49907,11,R,745,11
49901,11,I,578,11
49901,11,R,4151,11
72904,11,I,35,23
72904,11,R,476,23
111902,11,D,7,23
111902,11,I,99,23
111902,11,R,1301,23
184909,11,D,201,23
184909,11,I,68,23
184909,11,R,2157,23
111903,11,D,0,23
111903,11,I,151,23
111903,11,R,1588,23
213901,11,D,493,23
213901,11,I,108,23
213901,11,R,3352,23
126907,11,D,238,31
126907,11,I,28,31
126907,11,R,1365,31
49905,11,I,260,11
49905,11,R,3140,11
249901,11,I,118,11
249901,11,R,1571,11
220919,11,D,3584,33
220919,11,I,490,33
220919,11,R,11504,33
220906,11,D,10078,33
220906,11,I,1640,33
220906,11,R,25446,33
61912,11,D,1980,11
61912,11,I,341,11
61912,11,R,5769,11
61910,11,D,730,11
61910,11,I,166,11
61910,11,R,4230,11
61907,11,D,1621,11
61907,11,I,243,11
61907,11,R,4360,11
61914,11,D,5230,11
61914,11,I,639,11
61914,11,R,9168,11
61902,11,D,36361,33
61902,11,I,4398,33
61902,11,R,69416,33
61908,11,D,930,11
61908,11,I,191,11
61908,11,R,4269,11
249908,11,D,106,11
249908,11,I,94,11
249908,11,R,1373,11
49903,11,D,0,11
49903,11,I,106,11
49903,11,R,1116,11
49906,11,D,6,11
49906,11,I,68,11
49906,11,R,894,11
61903,11,D,946,11
61903,11,I,184,11
61903,11,R,3727,11
61906,11,D,479,11
61906,11,I,127,11
61906,11,R,2653,11
249905,11,D,407,11
249905,11,I,283,11
249905,11,R,4571,11
61905,11,D,588,11
61905,11,I,127,11
61905,11,R,2945,11
61901,11,D,24601,11
61901,11,I,3222,11
61901,11,R,37956,11
111901,11,D,49,23
111901,11,I,1953,23
111901,11,R,18761,23
249902,11,D,155,33
249902,11,I,167,33
249902,11,R,2270,33
184902,11,D,842,33
184902,11,I,265,33
184902,11,R,6292,33
184903,11,D,2773,23
184903,11,I,732,23
184903,11,R,16724,23
220907,11,D,17975,33
220907,11,I,2498,33
220907,11,R,46874,33
61911,11,D,8678,11
61911,11,I,1568,11
61911,11,R,30692,11
220920,11,D,3064,23
220920,11,I,484,23
220920,11,R,8006,23
220910,11,D,1868,23
220910,11,I,130,23
220910,11,R,2335,23
220916,11,D,19523,31
220916,11,I,2635,31
220916,11,R,30682,31
220918,11,D,9040,33
220918,11,I,1285,33
220918,11,R,21690,33
220917,11,D,1507,23
220917,11,I,161,23
220917,11,R,2577,23
220902,11,D,13162,33
220902,11,I,1950,33
220902,11,R,32989,33
220915,11,D,2341,33
220915,11,I,572,33
220915,11,R,12892,33
184907,11,D,1366,23
184907,11,I,493,23
184907,11,R,10224,23
220912,11,D,16501,23
220912,11,I,884,23
220912,11,R,16070,23
220905,11,D,72027,23
220905,11,I,3388,23
220905,11,R,65117,23
126911,11,D,394,23
126911,11,I,112,23
126911,11,R,2564,23
126903,11,D,2533,31
126903,11,I,316,31
126903,11,R,9622,31
126906,11,D,206,31
126906,11,I,33,31
126906,11,R,576,31
126905,11,D,1738,31
126905,11,I,276,31
126905,11,R,8106,31
126904,11,D,261,31
126904,11,I,48,31
126904,11,R,1675,31
220908,11,D,26204,31
220908,11,I,1351,31
220908,11,R,33146,31
220914,11,D,2487,31
220914,11,I,195,31
220914,11,R,5113,31
220904,11,D,4429,31
220904,11,I,46,31
220904,11,R,1830,31
220901,11,D,49544,31
220901,11,I,2773,31
220901,11,R,53748,31
126908,11,D,613,31
126908,11,I,94,31
126908,11,R,1606,31
126902,11,D,4502,31
126902,11,I,625,31
126902,11,R,16867,31
126901,11,D,1311,31
126901,11,I,186,31
126901,11,R,4874,31
121906,5,I,15,5
121906,5,R,571,5
121903,5,I,144,5
121903,5,R,2754,5
84903,5,D,104,4
84903,5,I,0,4
84903,5,R,390,4
100904,5,I,415,5
100904,5,R,5056,5
176903,5,I,75,5
176903,5,R,1305,5
181906,5,I,689,5
181906,5,R,3724,5
181905,5,D,0,5
181905,5,I,204,5
181905,5,R,3194,5
181908,5,I,539,5
181908,5,R,6623,5
181901,5,D,0,5
181901,5,I,398,5
181901,5,R,5054,5
181907,5,D,0,5
181907,5,I,525,5
181907,5,R,8068,5
123913,5,D,94,5
123913,5,I,0,5
123913,5,R,548,5
123908,5,D,2206,5
123908,5,I,0,5
123908,5,R,8297,5
123907,5,D,10379,5
123907,5,I,0,5
123907,5,R,4106,5
123905,5,D,2029,5
123905,5,I,0,5
123905,5,R,8474,5
176902,5,I,254,5
176902,5,R,1831,5
176901,5,D,0,5
176901,5,I,113,5
176901,5,R,938,5
121902,5,D,85,5
121902,5,I,57,5
121902,5,R,1100,5
100903,5,I,242,5
100903,5,R,3836,5
100907,5,D,0,5
100907,5,I,337,5
100907,5,R,6860,5
123914,5,D,648,5
123914,5,I,0,5
123914,5,R,2512,5
123910,5,D,25914,5
123910,5,I,0,5
123910,5,R,17754,5
229904,5,I,153,5
229904,5,R,2346,5
229905,5,I,36,5
229905,5,R,648,5
121905,5,I,199,5
121905,5,R,2617,5
121904,5,D,0,5
121904,5,I,611,5
121904,5,R,4123,5
229906,5,D,0,5
229906,5,I,24,5
229906,5,R,497,5
229901,5,D,5,5
229901,5,I,77,5
229901,5,R,1161,5
229903,5,I,287,5
229903,5,R,2840,5
100908,5,I,74,5
100908,5,R,1730,5
100905,5,D,761,5
100905,5,I,127,5
100905,5,R,4629,5
137904,2,D,522,2
137904,2,I,0,2
137904,2,R,550,2
137903,2,D,482,2
137903,2,R,534,2
137902,2,D,531,2
137902,2,R,759,2
137901,2,D,3224,2
137901,2,R,2616,2
178915,2,D,1425,2
178915,2,R,471,2
178909,2,D,3501,2
178909,2,R,1685,2
178914,2,D,4151,2
178914,2,R,9602,2
178905,2,D,282,2
178905,2,R,169,2
178903,2,D,2064,2
178903,2,R,4250,2
178902,2,D,890,2
178902,2,R,1013,2
178913,2,D,574,2
178913,2,R,788,2
178901,2,D,298,2
178901,2,R,301,2
125903,2,D,688,2
125903,2,I,0,2
125903,2,R,1662,2
125906,2,D,74,2
125906,2,I,0,2
125906,2,R,71,2
125902,2,D,504,2
125902,2,I,0,2
125902,2,R,241,2
125901,2,D,4723,2
125901,2,I,0,2
125901,2,R,2558,2
178908,2,D,279,2
178908,2,R,741,2
13902,2,D,131,2
13902,2,I,4,2
13902,2,R,333,2
149902,2,D,362,2
149902,2,I,48,2
149902,2,R,1206,2
13905,2,D,650,2
13905,2,I,0,2
13905,2,R,971,2
13903,2,D,352,2
13903,2,I,4,2
13903,2,R,868,2
205904,2,D,1565,2
205904,2,I,2,2
205904,2,R,1282,2
13901,2,D,2585,2
13901,2,I,0,2
13901,2,R,2618,2
149901,2,D,363,2
149901,2,I,51,2
149901,2,R,1877,2
178906,2,D,233,2
178906,2,R,589,2
66005,2,D,97,2
66005,2,I,3,2
66005,2,R,21,2
66902,2,D,1639,2
66902,2,I,74,2
66902,2,R,293,2
125905,2,D,674,2
125905,2,I,2,2
125905,2,R,371,2
66903,2,D,527,2
66903,2,I,50,2
66903,2,R,341,2
162904,2,D,120,2
162904,2,I,0,2
162904,2,R,352,2
66901,2,D,764,2
66901,2,I,30,2
66901,2,R,155,2
24901,2,D,1972,2
24901,2,I,128,2
24901,2,R,396,2
131001,2,D,102,2
131001,2,I,0,2
131001,2,R,65,2
205903,2,D,896,2
205903,2,R,2553,2
205901,2,D,504,2
205901,2,R,1414,2
4901,2,D,2221,2
4901,2,R,6915,2
205907,2,D,1041,2
205907,2,R,1281,2
205906,2,D,1713,2
205906,2,R,1956,2
205905,2,D,561,2
205905,2,R,814,2
205902,2,D,2129,2
205902,2,R,4876,2
178912,2,D,1249,2
178912,2,R,1637,2
178904,2,D,35844,2
178904,2,R,30359,2
230903,7,D,3,7
230903,7,I,99,7
230903,7,R,1106,7
210903,7,D,310,7
210903,7,I,22,7
210903,7,R,1383,7
201904,7,D,91,7
201904,7,I,7,7
201904,7,R,471,7
201908,7,D,105,7
201908,7,I,9,7
201908,7,R,583,7
201907,7,D,183,7
201907,7,I,13,7
201907,7,R,598,7
201903,7,D,190,7
201903,7,I,10,7
201903,7,R,676,7
201902,7,D,1706,7
201902,7,I,124,7
201902,7,R,6158,7
174903,7,D,184,7
174903,7,I,16,7
174903,7,R,909,7
174902,7,D,202,7
174902,7,I,32,7
174902,7,R,1098,7
92902,7,D,1247,7
92902,7,I,116,7
92902,7,R,5368,7
201910,7,D,370,7
201910,7,I,22,7
201910,7,R,1334,7
37907,7,D,15,7
37907,7,I,375,7
37907,7,R,3254,7
102903,7,D,369,7
102903,7,I,19,7
102903,7,R,996,7
230906,7,D,9,7
230906,7,I,116,7
230906,7,R,1531,7
102902,7,D,4600,7
102902,7,I,197,7
102902,7,R,7523,7
102901,7,D,400,7
102901,7,I,30,7
102901,7,R,1093,7
102905,7,D,156,7
102905,7,I,20,7
102905,7,R,1147,7
102904,7,D,1035,7
102904,7,I,172,7
102904,7,R,7041,7
102906,7,D,400,7
102906,7,I,48,7
102906,7,R,1739,7
250907,7,D,184,7
250907,7,I,164,7
250907,7,R,2872,7
174906,7,D,169,7
174906,7,I,30,7
174906,7,R,939,7
174904,7,D,5215,7
174904,7,I,435,7
174904,7,R,8673,7
174909,7,D,58,7
174909,7,I,4,7
174909,7,R,486,7
174911,7,D,159,7
174911,7,I,32,7
174911,7,R,933,7
174908,7,D,308,7
174908,7,I,25,7
174908,7,R,1176,7
212910,7,D,617,7
212910,7,I,42,7
212910,7,R,1943,7
212909,7,D,1947,7
212909,7,I,177,7
212909,7,R,5760,7
210905,7,D,311,7
210905,7,I,30,7
210905,7,R,1362,7
210906,7,D,23,7
210906,7,I,4,7
210906,7,R,207,7
210901,7,D,749,7
210901,7,I,59,7
210901,7,R,2508,7
250904,7,D,198,7
250904,7,I,165,7
250904,7,R,3495,7
250903,7,D,68,7
250903,7,I,199,7
250903,7,R,3123,7
250902,7,D,358,7
250902,7,I,36,7
250902,7,R,1789,7
230902,7,D,498,7
230902,7,I,305,7
230902,7,R,5602,7
234906,7,D,111,7
234906,7,I,462,7
234906,7,R,5063,7
234905,7,I,97,7
234905,7,R,1034,7
212903,7,D,1139,7
212903,7,I,181,7
212903,7,R,8006,7
107905,7,I,240,7
107905,7,R,2355,7
92908,7,D,181,7
92908,7,I,38,7
92908,7,R,1770,7
92907,7,D,481,7
92907,7,I,82,7
92907,7,R,2930,7
92906,7,D,365,7
92906,7,I,51,7
92906,7,R,2330,7
92904,7,D,1857,7
92904,7,I,179,7
92904,7,R,6463,7
92903,7,D,7170,7
92903,7,I,375,7
92903,7,R,11677,7
92901,7,D,609,7
92901,7,I,101,7
92901,7,R,2806,7
107907,7,D,0,7
107907,7,I,30,7
107907,7,R,278,7
107908,7,I,14,7
107908,7,R,173,7
107906,7,D,0,7
107906,7,I,279,7
107906,7,R,2819,7
107904,7,D,0,7
107904,7,I,110,7
107904,7,R,1452,7
183904,7,D,81,7
183904,7,I,9,7
183904,7,R,652,7
183902,7,D,1353,7
183902,7,I,79,7
183902,7,R,5950,7
183901,7,D,192,7
183901,7,I,15,7
183901,7,R,841,7
210904,7,D,175,7
210904,7,I,13,7
210904,7,R,579,7
210902,7,D,139,7
210902,7,I,20,7
210902,7,R,1185,7
3903,7,D,4547,7
3903,7,I,260,7
3903,7,R,9378,7
3904,7,D,341,7
3904,7,I,52,7
3904,7,R,3139,7
3902,7,D,501,7
3902,7,I,66,7
3902,7,R,2619,7
3907,7,D,535,7
3907,7,I,72,7
3907,7,R,2924,7
37909,7,D,8,7
37909,7,I,54,7
37909,7,R,465,7
1908,7,D,0,7
1908,7,I,331,7
1908,7,R,2151,7
1909,7,D,0,7
1909,7,I,122,7
1909,7,R,1233,7
1907,7,I,975,7
1907,7,R,4992,7
1906,7,I,86,7
1906,7,R,714,7
107910,7,I,90,7
107910,7,R,1279,7
1903,7,D,22,7
1903,7,I,221,7
1903,7,R,2069,7
1902,7,D,0,7
1902,7,I,94,7
1902,7,R,1083,7
107901,7,I,670,7
107901,7,R,6093,7
37901,7,D,0,7
37901,7,I,136,7
37901,7,R,1076,7
230904,7,D,12,7
230904,7,I,46,7
230904,7,R,596,7
230908,7,D,0,7
230908,7,I,57,7
230908,7,R,1014,7
230905,7,D,126,7
230905,7,I,88,7
230905,7,R,2106,7
230901,7,D,255,7
230901,7,I,49,7
230901,7,R,1478,7
202903,7,D,410,7
202903,7,I,40,7
202903,7,R,2641,7
203902,7,D,148,7
203902,7,I,23,7
203902,7,R,1129,7
202905,7,D,114,7
202905,7,I,15,7
202905,7,R,783,7
174910,7,D,49,7
174910,7,I,7,7
174910,7,R,553,7
174901,7,D,110,7
174901,7,I,12,7
174901,7,R,498,7
203901,7,D,707,7
203901,7,I,34,7
203901,7,R,1297,7
3905,7,D,688,7
3905,7,I,51,7
3905,7,R,1657,7
3906,7,D,137,7
3906,7,I,18,7
3906,7,R,972,7
201914,7,D,309,7
201914,7,I,32,7
201914,7,R,1522,7
201913,7,D,92,7
201913,7,I,26,7
201913,7,R,583,7
212901,7,D,496,7
212901,7,I,38,7
212901,7,R,1873,7
37908,7,D,0,7
37908,7,I,69,7
37908,7,R,370,7
212902,7,D,442,7
212902,7,I,172,7
212902,7,R,4387,7
212906,7,D,1932,7
212906,7,I,266,7
212906,7,R,10437,7
212905,7,D,13815,7
212905,7,I,954,7
212905,7,R,26416,7
107902,7,D,0,7
107902,7,I,414,7
107902,7,R,5400,7
1904,7,I,146,7
1904,7,R,1415,7
212904,7,D,273,7
212904,7,I,92,7
212904,7,R,1919,7
37904,7,I,856,7
37904,7,R,6099,7
250905,7,I,94,7
250905,7,R,1339,7
250906,7,D,0,7
250906,7,I,184,7
250906,7,R,2813,7
234904,7,D,0,7
234904,7,I,123,7
234904,7,R,1314,7
234909,7,I,100,7
234909,7,R,1010,7
234903,7,I,262,7
234903,7,R,2389,7
190903,7,I,253,7
190903,7,R,3626,7
155901,8,D,0,8
155901,8,I,357,8
155901,8,R,2874,8
34902,8,I,63,8
34902,8,R,533,8
112908,8,I,105,8
112908,8,R,1202,8
112909,8,I,40,8
112909,8,R,449,8
19907,8,I,1742,8
19907,8,R,6358,8
19909,8,I,149,8
19909,8,R,1908,8
19906,8,I,183,8
19906,8,R,2078,8
19911,8,I,84,8
19911,8,R,680,8
19912,8,I,575,8
19912,8,R,4404,8
19905,8,I,266,8
19905,8,R,1971,8
19903,8,I,38,8
19903,8,R,430,8
19910,8,I,12,8
19910,8,R,188,8
19908,8,I,829,8
19908,8,R,3880,8
19914,8,I,41,8
19914,8,R,455,8
19913,8,I,14,8
19913,8,R,184,8
19902,8,I,231,8
19902,8,R,1862,8
19901,8,I,158,8
19901,8,R,1671,8
34907,8,I,141,8
34907,8,R,1473,8
34906,8,I,12,8
34906,8,R,262,8
34905,8,I,199,8
34905,8,R,1785,8
34903,8,I,186,8
34903,8,R,1434,8
34909,8,I,49,8
34909,8,R,688,8
34901,8,I,334,8
34901,8,R,3469,8
194905,8,I,70,8
194905,8,R,644,8
225902,8,I,843,8
225902,8,R,4869,8
172902,8,I,550,8
172902,8,R,1915,8
225906,8,I,138,8
225906,8,R,898,8
172905,8,I,255,8
172905,8,R,1825,8
194902,8,I,46,8
194902,8,R,632,8
32902,8,D,4,8
32902,8,I,592,8
32902,8,R,3503,8
225907,8,I,67,8
225907,8,R,628,8
80901,8,D,0,8
80901,8,I,348,8
80901,8,R,3211,8
194903,8,I,106,8
194903,8,R,1242,8
194904,8,I,331,8
194904,8,R,1632,8
139909,8,I,836,8
139909,8,R,3714,8
139911,8,I,610,8
139911,8,R,6982,8
112910,8,I,44,8
112910,8,R,539,8
139912,8,I,173,8
139912,8,R,2554,8
139905,8,I,215,8
139905,8,R,1803,8
112905,8,I,74,8
112905,8,R,859,8
112901,8,I,675,8
112901,8,R,6542,8
112906,8,I,63,8
112906,8,R,758,8
60902,8,I,149,8
60902,8,R,1699,8
112907,8,I,46,8
112907,8,R,649,8
60914,8,I,42,8
60914,8,R,416,8
195901,18,D,1655,18
195901,18,I,109,18
195901,18,R,1103,18
195902,18,D,148,18
195902,18,I,14,18
195902,18,R,115,18
222901,18,D,87,18
222901,18,I,5,18
222901,18,R,105,18
231902,18,D,126,18
231902,18,I,21,18
231902,18,R,410,18
231901,18,D,181,18
231901,18,I,25,18
231901,18,R,508,18
189902,18,D,385,18
189902,18,I,14,18
189902,18,R,154,18
189901,18,D,931,18
189901,18,I,36,18
189901,18,R,406,18
238902,18,D,648,18
238902,18,I,69,18
238902,18,R,1689,18
238904,18,D,177,18
238904,18,I,26,18
238904,18,R,718,18
156905,18,I,34,18
156905,18,R,336,18
52901,18,D,313,18
52901,18,I,38,18
52901,18,R,1000,18
55901,18,D,525,18
55901,18,I,25,18
55901,18,R,301,18
165901,18,D,0,18
165901,18,I,5084,18
165901,18,R,36097,18
165902,18,I,250,18
165902,18,R,2599,18
122902,18,D,72,18
122902,18,I,7,18
122902,18,R,97,18
122901,18,D,440,18
122901,18,I,38,18
122901,18,R,536,18
114902,18,I,96,18
114902,18,R,1341,18
114901,18,I,737,18
114901,18,R,4204,18
114904,18,I,74,18
114904,18,R,945,18
156902,18,I,99,18
156902,18,R,1003,18
22004,18,D,163,18
22004,18,I,15,18
22004,18,R,118,18
22903,18,D,50,18
22903,18,I,3,18
22903,18,R,29,18
22902,18,D,239,18
22902,18,I,16,18
22902,18,R,290,18
22901,18,D,1792,18
22901,18,I,92,18
22901,18,R,1479,18
192901,18,D,136,18
192901,18,I,15,18
192901,18,R,475,18
87901,18,D,0,18
87901,18,I,25,18
87901,18,R,564,18
186903,18,D,172,18
186903,18,I,8,18
186903,18,R,455,18
186902,18,D,1226,18
186902,18,I,103,18
186902,18,R,1427,18
186901,18,D,362,18
186901,18,I,24,18
186901,18,R,393,18
248901,18,D,177,18
248901,18,I,22,18
248901,18,R,693,18
248902,18,D,230,18
248902,18,I,25,18
248902,18,R,769,18
68901,18,D,0,18
68901,18,I,4154,18
68901,18,R,27242,18
2901,18,D,0,18
2901,18,I,383,18
2901,18,R,4143,18
200906,15,I,3,15
200906,15,R,47,15
200904,15,I,38,15
200904,15,R,722,15
200902,15,I,38,15
200902,15,R,516,15
200901,15,I,104,15
200901,15,R,1576,15
41901,15,I,47,15
41901,15,R,711,15
226905,15,I,142,15
226905,15,R,1639,15
41902,15,I,30,15
41902,15,R,540,15
53001,15,D,462,15
53001,15,I,28,15
53001,15,R,875,15
218901,15,D,315,15
218901,15,I,30,15
218901,15,R,1047,15
25906,15,I,41,15
25906,15,R,548,15
25905,15,I,61,15
25905,15,R,871,15
25904,15,I,40,15
25904,15,R,610,15
25901,15,I,132,15
25901,15,R,2285,15
226906,15,D,0,15
226906,15,I,144,15
226906,15,R,2025,15
226908,15,I,110,15
226908,15,R,1085,15
226903,15,I,3701,15
226903,15,R,23288,15
226907,15,I,84,15
226907,15,R,906,15
226901,15,D,0,15
226901,15,I,79,15
226901,15,R,951,15
25909,15,I,152,15
25909,15,R,2227,15
25902,15,I,356,15
25902,15,R,4020,15
233901,15,D,5893,15
233901,15,I,452,15
233901,15,R,5051,15
233903,15,D,55,15
233903,15,I,9,15
233903,15,R,229,15
216901,15,I,13,15
216901,15,R,278,15
207901,15,D,221,15
207901,15,I,24,15
207901,15,R,795,15
69902,15,D,162,15
69902,15,I,47,15
69902,15,R,867,15
206901,15,D,0,15
206901,15,I,89,15
206901,15,R,1396,15
206903,15,I,13,15
206903,15,R,201,15
118902,15,D,0,15
118902,15,I,38,15
118902,15,R,686,15
42901,15,I,73,15
42901,15,R,1325,15
69901,15,D,229,15
69901,15,I,28,15
69901,15,R,405,15
134901,15,D,0,15
134901,15,I,100,15
134901,15,R,1547,15
25908,15,I,82,15
25908,15,R,1295,15
42903,15,I,59,15
42903,15,R,686,15
160901,15,I,96,15
160901,15,R,1340,15
42905,15,I,88,15
42905,15,R,1254,15
164901,15,D,0,15
164901,15,I,56,15
164901,15,R,704,15
157901,15,D,0,15
157901,15,I,175,15
157901,15,R,1721,15
48901,15,D,0,15
48901,15,I,30,15
48901,15,R,463,15
160904,15,I,80,15
160904,15,R,928,15
160905,15,I,7,15
160905,15,R,148,15
206902,15,I,29,15
206902,15,R,421,15
48903,15,I,24,15
48903,15,R,333,15
82902,20,D,654,27
82902,20,I,58,27
82902,20,R,553,27
247901,20,D,4226,27
247901,20,I,230,27
247901,20,R,5833,27
254902,20,D,320,27
254902,20,I,32,27
254902,20,R,173,27
254901,20,D,2012,27
254901,20,I,105,27
254901,20,R,404,27
136901,20,D,461,20
136901,20,I,38,20
136901,20,R,906,20
232901,20,D,206,20
232901,20,I,29,20
232901,20,R,412,20
247903,20,D,956,27
247903,20,I,119,27
247903,20,R,3959,27
7905,20,D,2237,27
7905,20,I,93,27
7905,20,R,2908,27
7902,20,D,1172,27
7902,20,I,46,27
7902,20,R,1450,27
247906,20,D,474,27
247906,20,I,67,27
247906,20,R,1891,27
247904,20,D,467,27
247904,20,I,23,27
247904,20,R,938,27
15906,20,D,84,27
15906,20,I,20,27
15906,20,R,201,27
15917,20,D,3009,27
15917,20,I,330,27
15917,20,R,2110,27
15904,20,D,10607,27
15904,20,I,946,27
15904,20,R,1332,27
15911,20,D,7964,27
15911,20,I,659,27
15911,20,R,7486,27
15914,20,D,340,27
15914,20,I,77,27
15914,20,R,406,27
15901,20,D,5443,27
15901,20,I,757,27
15901,20,R,8551,27
15908,20,D,7966,27
15908,20,I,830,27
15908,20,R,647,27
64903,20,D,2038,27
64903,20,I,173,27
64903,20,R,933,27
159901,20,D,8811,27
159901,20,I,534,27
159901,20,R,2551,27
142901,20,D,1006,27
142901,20,I,60,27
142901,20,R,583,27
193902,20,D,104,20
193902,20,I,39,20
193902,20,R,872,20
133905,20,D,81,20
133905,20,I,16,20
133905,20,R,411,20
133903,20,D,2875,20
133903,20,I,850,20
133903,20,R,11635,20
133904,20,D,451,20
133904,20,I,154,20
133904,20,R,2469,20
133902,20,D,166,20
133902,20,I,36,20
133902,20,R,703,20
133901,20,D,226,20
133901,20,I,88,20
133901,20,R,1319,20
15916,20,D,21933,27
15916,20,I,1506,27
15916,20,R,16365,27
232902,20,D,319,20
232902,20,I,39,20
232902,20,R,727,20
232903,20,D,3368,20
232903,20,I,273,20
232903,20,R,3094,20
232904,20,D,113,20
232904,20,I,34,20
232904,20,R,874,20
10901,20,D,217,20
10901,20,I,95,20
10901,20,R,1345,20
15909,20,D,1565,27
15909,20,I,186,27
15909,20,R,1499,27
163902,20,D,177,20
163902,20,I,24,20
163902,20,R,746,20
7901,20,D,395,27
7901,20,I,15,27
7901,20,R,330,27
82903,20,D,1321,27
82903,20,I,138,27
82903,20,R,783,27
163904,20,D,1218,20
163904,20,I,138,20
163904,20,R,2609,20
15915,20,D,114485,20
15915,20,I,33319,20
15915,20,R,25108,20
15912,20,D,6843,27
15912,20,I,976,27
15912,20,R,2819,27
10902,20,D,1262,20
10902,20,I,441,20
10902,20,R,6494,20
130901,20,D,3404,20
130901,20,I,815,20
130901,20,R,15991,20
15910,20,D,63931,27
15910,20,I,9688,27
15910,20,R,81686,27
15905,20,D,9847,20
15905,20,I,704,20
15905,20,R,19,20
15907,20,D,57315,27
15907,20,I,4927,27
15907,20,R,10206,27
15913,20,D,116,20
15913,20,I,85,20
15913,20,R,32,20
163903,20,D,644,20
163903,20,I,97,20
163903,20,R,1167,20
7906,20,D,1358,27
7906,20,I,49,27
7906,20,R,1061,27
7904,20,D,790,27
7904,20,I,48,27
7904,20,R,1078,27
163901,20,D,778,20
163901,20,I,122,20
163901,20,R,2260,20
163908,20,D,3213,20
163908,20,I,596,20
163908,20,R,7201,20
127906,14,I,103,14
127906,14,R,820,14
104907,14,I,37,14
104907,14,R,280,14
221904,14,I,244,14
221904,14,R,2098,14
127901,14,I,162,14
127901,14,R,1084,14
221905,14,I,58,14
221905,14,R,529,14
76903,14,I,69,14
76903,14,R,530,14
127903,14,I,84,14
127903,14,R,880,14
177902,14,I,385,14
177902,14,R,2293,14
76904,14,I,56,14
76904,14,R,403,14
177901,14,I,90,14
177901,14,R,673,14
208901,14,I,34,14
208901,14,R,375,14
67907,14,I,100,14
67907,14,R,998,14
67903,14,I,151,14
67903,14,R,2216,14
30901,14,I,85,14
30901,14,R,1369,14
67902,14,I,109,14
67902,14,R,1522,14
67908,14,I,35,14
67908,14,R,537,14
67904,14,I,42,14
67904,14,R,702,14
47902,14,I,115,14
47902,14,R,1258,14
177903,14,I,61,14
177903,14,R,677,14
104901,14,I,88,14
104901,14,R,918,14
104903,14,I,22,14
104903,14,R,182,14
208902,14,I,330,14
208902,14,R,3744,14
47905,14,I,23,14
47905,14,R,245,14
47903,14,D,0,14
47903,14,I,27,14
47903,14,R,294,14
47901,14,I,173,14
47901,14,R,2090,14
168903,14,I,21,14
168903,14,R,283,14
168902,14,I,21,14
168902,14,R,333,14
208903,14,I,16,14
208903,14,R,327,14
168901,14,I,107,14
168901,14,R,1229,14
215901,14,I,187,14
215901,14,R,2505,14
217901,14,I,58,14
217901,14,R,438,14
177905,14,I,37,14
177905,14,R,302,14
30902,14,I,143,14
30902,14,R,1828,14
127904,14,I,99,14
127904,14,R,986,14
221901,14,I,4615,14
221901,14,R,22082,14
221911,14,I,206,14
221911,14,R,2550,14
30903,14,I,119,14
30903,14,R,1692,14
30906,14,I,195,14
30906,14,R,2038,14
127905,14,I,47,14
127905,14,R,459,14
209902,14,I,24,14
209902,14,R,359,14
209901,14,I,44,14
209901,14,R,945,14
221912,14,I,774,14
221912,14,R,7900,14
39904,9,I,21,9
39904,9,R,415,9
169906,9,I,51,9
169906,9,R,719,9
169909,9,I,54,9
169909,9,R,617,9
169902,9,I,91,9
169902,9,R,1120,9
169908,9,I,10,9
169908,9,R,151,9
169911,9,I,51,9
169911,9,R,1013,9
138902,9,I,25,9
138902,9,R,308,9
252902,9,I,98,9
252902,9,R,1010,9
252901,9,I,374,9
252901,9,R,4449,9
244903,9,I,133,9
244903,9,R,1522,9
78901,9,I,48,9
78901,9,R,443,9
119903,9,D,37,9
119903,9,I,35,9
119903,9,R,824,9
39905,9,I,34,9
39905,9,R,643,9
119901,9,I,47,9
119901,9,R,760,9
169901,9,I,257,9
169901,9,R,3864,9
243902,9,I,89,9
243902,9,R,1116,9
99902,9,I,104,9
99902,9,R,1027,9
99903,9,I,80,9
99903,9,R,1009,9
224902,9,I,11,9
224902,9,R,224,9
224901,9,I,27,9
224901,9,R,562,9
138903,9,I,61,9
138903,9,R,654,9
12901,9,I,96,9
12901,9,R,1270,9
5904,9,I,18,9
5904,9,R,393,9
252903,9,I,99,9
252903,9,R,1388,9
119902,9,I,114,9
119902,9,R,2245,9
244905,9,I,17,9
244905,9,R,151,9
244901,9,I,37,9
244901,9,R,321,9
138904,9,I,6,9
138904,9,R,152,9
243905,9,I,3436,9
243905,9,R,19823,9
39902,9,I,168,9
39902,9,R,1992,9
39903,9,I,99,9
39903,9,R,1256,9
243906,9,I,134,9
243906,9,R,976,9
243901,9,I,689,9
243901,9,R,5278,9
243903,9,I,279,9
243903,9,R,3111,9
5902,9,I,146,9
5902,9,R,1785,9
5901,9,I,91,9
5901,9,R,1298,9
169910,9,I,26,9
169910,9,R,420,9
235904,3,D,100,3
235904,3,R,587,3
235902,3,D,8257,3
235902,3,R,19310,3
120905,3,D,173,3
120905,3,R,1446,3
235901,3,D,527,3
235901,3,R,467,3
158906,3,D,673,3
158906,3,R,2008,3
158902,3,D,314,3
158902,3,R,1189,3
158904,3,D,31,3
158904,3,R,128,3
158901,3,D,2024,3
158901,3,R,3572,3
158905,3,D,541,3
158905,3,R,1610,3
241904,3,D,894,3
241904,3,R,1568,3
241906,3,D,149,3
241906,3,R,955,3
241903,3,D,1503,3
241903,3,I,0,3
241903,3,R,4213,3
143905,3,D,98,3
143905,3,R,629,3
143906,3,D,72,3
143906,3,R,520,3
143903,3,D,292,3
143903,3,R,1558,3
143902,3,D,149,3
143902,3,I,0,3
143902,3,R,727,3
120902,3,D,118,3
120902,3,R,729,3
120901,3,D,603,3
120901,3,R,2392,3
128903,3,D,144,3
128903,3,I,7,3
128903,3,R,222,3
128902,3,D,443,3
128902,3,I,32,3
128902,3,R,577,3
196902,3,D,435,3
196902,3,R,955,3
196901,3,D,140,3
196901,3,R,187,3
45905,3,D,336,3
45905,3,I,44,3
45905,3,R,1391,3
143901,3,D,444,3
143901,3,I,1,3
143901,3,R,2888,3
62906,3,D,66,3
62906,3,R,681,3
62904,3,D,222,3
62904,3,I,0,3
62904,3,R,1237,3
62903,3,D,431,3
62903,3,R,2274,3
62905,3,D,59,3
62905,3,R,343,3
62902,3,D,76,3
62902,3,I,0,3
62902,3,R,355,3
62901,3,D,564,3
62901,3,R,1808,3
128901,3,D,504,3
128901,3,I,51,3
128901,3,R,1119,3
45902,3,D,759,3
45902,3,I,95,3
45902,3,R,3407,3
196903,3,D,504,3
196903,3,R,759,3
88902,3,D,1080,3
88902,3,I,0,3
88902,3,R,2420,3
128904,3,D,173,3
128904,3,I,12,3
128904,3,R,689,3
29901,3,D,2140,3
29901,3,R,4613,3
143904,3,D,58,3
143904,3,R,357,3
45903,3,D,698,3
45903,3,I,52,3
45903,3,R,1636,3
241901,3,D,530,3
241901,3,R,1096,3
241902,3,D,695,3
241902,3,I,0,3
241902,3,R,1583,3
146907,4,D,0,4
146907,4,I,195,4
146907,4,R,3169,4
84906,4,D,9540,35
84906,4,R,7423,35
20906,4,D,948,35
20906,4,R,2870,35
20905,4,D,5169,35
20905,4,R,12617,35
36903,4,D,0,4
36903,4,I,102,4
36903,4,R,1381,4
237902,4,D,915,21
237902,4,I,68,21
237902,4,R,1964,21
101910,4,D,12809,4
101910,4,I,403,4
101910,4,R,3861,4
101917,4,D,24919,4
101917,4,I,2532,4
101917,4,R,21962,4
101902,4,D,39122,4
101902,4,I,1335,4
101902,4,R,10716,4
101919,4,D,29252,4
101919,4,I,1292,4
101919,4,R,18895,4
101925,4,D,657,4
101925,4,I,115,4
101925,4,R,5119,4
146901,4,D,68,4
146901,4,I,492,4
146901,4,R,3791,4
101913,4,D,20718,4
101913,4,I,1847,4
101913,4,R,43879,4
101921,4,D,7201,21
101921,4,I,760,21
101921,4,R,23271,21
101915,4,D,28432,4
101915,4,I,2404,4
101915,4,R,54562,4
20910,4,D,36,25
20910,4,R,287,25
20907,4,D,1694,35
20907,4,R,6314,35
237904,4,D,4262,21
237904,4,I,350,21
237904,4,R,8821,21
101920,4,D,18873,21
101920,4,I,1012,21
101920,4,R,37396,21
101907,4,D,71132,21
101907,4,I,3675,21
101907,4,R,104206,21
79910,4,D,3289,25
79910,4,R,1704,25
101903,4,D,36994,21
101903,4,R,12780,21
79901,4,D,23005,25
79901,4,I,0,25
79901,4,R,38196,25
237905,4,D,1221,21
237905,4,I,96,21
237905,4,R,2063,21
101914,4,D,37573,21
101914,4,I,1326,21
101914,4,R,68159,21
79906,4,D,974,25
79906,4,R,3966,25
20901,4,D,15006,35
20901,4,R,21913,35
20908,4,D,13998,35
20908,4,I,0,35
20908,4,R,23082,35
20904,4,D,202,35
20904,4,R,1234,35
20902,4,D,4110,35
20902,4,R,10606,35
101912,4,D,278327,26
101912,4,I,7841,26
101912,4,R,135802,26
84909,4,D,2414,35
84909,4,R,9169,35
84908,4,D,1853,35
84908,4,R,2462,35
84911,4,D,2645,35
84911,4,R,11899,35
79907,4,D,85509,25
79907,4,R,61250,25
146905,4,I,73,4
146905,4,R,848,4
146906,4,I,424,4
146906,4,R,3413,4
146904,4,D,0,4
146904,4,I,139,4
146904,4,R,2342,4
146903,4,D,0,4
146903,4,I,30,4
146903,4,R,335,4
84902,4,D,8628,35
84902,4,I,0,35
84902,4,R,8626,35
101924,4,D,6304,4
101924,4,I,539,4
101924,4,R,3892,4
101908,4,D,1233,4
101908,4,I,1439,4
101908,4,R,12698,4
101905,4,D,3034,4
101905,4,I,780,4
101905,4,R,2561,4
36902,4,D,0,4
36902,4,I,454,4
36902,4,R,6798,4
146902,4,D,12,4
146902,4,I,630,4
146902,4,R,6159,4
84901,4,D,6293,35
84901,4,I,0,35
84901,4,R,11082,35
84910,4,D,19084,35
84910,4,I,5192,35
84910,4,R,63350,35
101906,4,D,234,4
101906,4,I,932,4
101906,4,R,7725,4
101916,4,I,1545,4
101916,4,R,11614,4
101911,4,I,3606,4
101911,4,R,15448,4
36901,4,D,0,4
36901,4,I,333,4
36901,4,R,3616,4
89903,13,D,320,32
89903,13,I,11,32
89903,13,R,1167,32
75903,13,D,362,30
75903,13,I,36,30
75903,13,R,1658,30
75902,13,D,888,30
75902,13,I,124,30
75902,13,R,3842,30
75901,13,D,293,30
75901,13,I,41,30
75901,13,R,1302,30
75906,13,D,117,30
75906,13,I,14,30
75906,13,R,659,30
166905,13,D,262,13
166905,13,I,47,13
166905,13,R,912,13
246907,13,D,1468,13
246907,13,I,211,13
246907,13,R,3938,13
246905,13,D,272,13
246905,13,I,41,13
246905,13,R,792,13
246902,13,D,591,13
246902,13,I,134,13
246902,13,R,2205,13
89905,13,D,284,32
89905,13,I,0,32
89905,13,R,474,32
89901,13,D,991,32
89901,13,I,0,32
89901,13,R,3165,32
28906,13,D,243,32
28906,13,I,9,32
28906,13,R,336,32
28903,13,D,625,32
28903,13,I,8,32
28903,13,R,1346,32
11904,13,D,1494,30
11904,13,I,129,30
11904,13,R,3363,30
144903,13,D,132,30
144903,13,I,11,30
144903,13,R,393,30
75908,13,D,148,30
75908,13,I,27,30
75908,13,R,970,30
144901,13,D,590,30
144901,13,I,67,30
144901,13,R,2666,30
150901,13,D,0,24
150901,13,I,1516,24
150901,13,R,7906,24
246908,13,D,1195,13
246908,13,I,315,13
246908,13,R,4371,13
27903,13,D,1817,13
27903,13,I,449,13
27903,13,R,8429,13
246904,13,D,10288,13
246904,13,I,1607,13
246904,13,R,24036,13
28902,13,D,3876,32
28902,13,I,131,32
28902,13,R,4278,32
105906,13,D,14502,32
105906,13,I,1854,32
105906,13,R,15429,32
246912,13,D,274,13
246912,13,I,53,13
246912,13,R,1044,13
144902,13,D,559,30
144902,13,I,122,30
144902,13,R,2026,30
11905,13,D,190,30
11905,13,I,42,30
11905,13,R,454,30
11901,13,D,6468,30
11901,13,I,457,30
11901,13,R,10209,30
227910,13,D,13369,30
227910,13,I,1394,30
227910,13,R,3307,30
227904,13,D,25922,13
227904,13,I,2737,13
227904,13,R,16205,13
227907,13,D,8703,13
227907,13,I,726,13
227907,13,R,3265,13
246914,13,D,89,13
246914,13,I,16,13
246914,13,R,299,13
246911,13,D,2038,13
246911,13,I,218,13
246911,13,R,3162,13
11902,13,D,2585,30
11902,13,I,307,30
11902,13,R,3185,30
246909,13,D,46217,13
246909,13,I,5613,13
246909,13,R,44469,13
246906,13,D,4496,13
246906,13,I,688,13
246906,13,R,6755,13
227913,13,D,7981,13
227913,13,I,1096,13
227913,13,R,15169,13
227909,13,D,9001,13
227909,13,I,957,13
227909,13,R,9683,13
227901,13,D,189898,32
227901,13,I,19917,32
227901,13,R,73276,32
105904,13,D,4714,24
105904,13,I,630,24
105904,13,R,8180,24
27904,13,D,2537,13
27904,13,I,385,13
27904,13,R,8348,13
246913,13,D,28726,13
246913,13,I,4535,13
246913,13,R,43420,13
227912,13,D,1112,13
227912,13,I,202,13
227912,13,R,2729,13
16901,13,D,800,24
16901,13,I,169,24
16901,13,R,2483,24
86024,13,D,23,24
86024,13,I,11,24
86024,13,R,265,24
86902,13,D,177,24
86902,13,I,87,24
86902,13,R,1570,24
86901,13,D,1753,24
86901,13,I,550,24
86901,13,R,9255,24
130902,13,D,705,24
130902,13,I,205,24
130902,13,R,3420,24
94903,13,D,1128,32
94903,13,I,185,32
94903,13,R,2977,32
16902,13,D,981,24
16902,13,I,285,24
16902,13,R,3756,24
94902,13,D,9600,32
94902,13,I,1213,32
94902,13,R,16580,32
105905,13,D,2164,24
105905,13,I,243,24
105905,13,R,3677,24
105902,13,D,10445,32
105902,13,I,1628,32
105902,13,R,7833,32
46901,13,D,4165,32
46901,13,I,811,32
46901,13,R,11763,32
94901,13,D,4154,32
94901,13,I,611,32
94901,13,R,8756,32
94904,13,D,860,32
94904,13,I,180,32
94904,13,R,2947,32
46902,13,D,12174,32
46902,13,I,2607,32
46902,13,R,42829,32
115902,19,D,62,19
115902,19,I,6,19
115902,19,R,73,19
115901,19,D,214,19
115901,19,I,25,19
115901,19,R,247,19
115903,19,D,41,19
115903,19,I,2,19
115903,19,R,46,19
71908,19,D,443,19
71908,19,I,20,19
71908,19,R,130,19
71903,19,D,1835,19
71903,19,I,82,19
71903,19,R,425,19
71904,19,D,1695,19
71904,19,I,64,19
71904,19,R,271,19
71901,19,D,6307,19
71901,19,I,864,19
71901,19,R,760,19
71906,19,D,657,19
71906,19,I,116,19
71902,19,D,67646,19
71902,19,I,11816,19
71907,19,D,7230,19
71907,19,I,1454,19
71905,19,D,42500,19
71905,19,I,5659,19
71905,19,R,449,19
71909,19,D,38656,19
71909,19,I,5714,19
71909,19,R,1101,19
214903,1,D,3372,1
214903,1,I,43,1
214903,1,R,429,1
253901,1,D,2497,1
253901,1,I,42,1
253901,1,R,494,1
240901,1,D,15318,1
240901,1,I,446,1
240901,1,R,1392,1
124901,1,D,1678,1
124901,1,I,68,1
124901,1,R,248,1
240904,1,D,999,1
240904,1,I,24,1
240904,1,R,124,1
240903,1,D,31738,1
240903,1,I,936,1
240903,1,R,4698,1
214902,1,D,199,1
214902,1,I,5,1
214902,1,R,79,1
108912,1,D,10854,1
108912,1,I,322,1
108912,1,R,2224,1
214901,1,D,5294,1
214901,1,I,93,1
214901,1,R,818,1
108908,1,D,9060,1
108908,1,I,432,1
108908,1,R,3110,1
108906,1,D,18479,1
108906,1,I,1503,1
108906,1,R,9433,1
108916,1,D,3173,1
108916,1,I,200,1
108916,1,R,461,1
108911,1,D,6795,1
108911,1,I,441,1
108911,1,R,4172,1
108909,1,D,17881,1
108909,1,I,767,1
108909,1,R,5483,1
108905,1,D,1898,1
108905,1,I,86,1
108905,1,R,283,1
108904,1,D,19694,1
108904,1,I,1694,1
108904,1,R,7347,1
108903,1,D,4332,1
108903,1,I,222,1
108903,1,R,549,1
108910,1,D,907,1
108910,1,I,0,1
108910,1,R,259,1
108913,1,D,9806,1
108913,1,I,460,1
108913,1,R,3807,1
108902,1,D,7733,1
108902,1,I,219,1
108902,1,R,2684,1
108915,1,D,678,1
108915,1,I,39,1
108915,1,R,183,1
245904,1,D,230,1
245904,1,R,217,1
245903,1,D,1214,1
245903,1,I,0,1
245903,1,R,481,1
245901,1,D,266,1
245901,1,I,0,1
245901,1,R,90,1
108914,1,D,816,1
108914,1,I,51,1
108914,1,R,158,1
108907,1,D,3353,1
108907,1,I,289,1
108907,1,R,809,1
31914,1,D,530,1
31914,1,I,0,1
31914,1,R,177,1
31905,1,D,2388,1
31905,1,I,0,1
31905,1,R,1524,1
31913,1,D,454,1
31913,1,I,0,1
31913,1,R,127,1
31911,1,D,1413,1
31911,1,R,1024,1
245902,1,D,1496,1
245902,1,I,0,1
245902,1,R,574,1
31903,1,D,11083,1
31903,1,R,8167,1
31901,1,D,30276,1
31901,1,R,8762,1
31912,1,D,5623,1
31912,1,R,2579,1
31909,1,D,2083,1
31909,1,R,1528,1
31906,1,D,7836,1
31906,1,R,4134,1
