School District,Total,Anglo,Black,Hisp,B+H,Other
Abbott ISD,1085,988,10,79,88,9
,277,255,5,17,21,1
Abernathy ISD,3446,1838,85,1506,1572,36
,1012,411,28,577,595,6
Abilene ISD,102294,63408,10567,26049,35687,3199
,24495,11074,3761,9534,12703,718
Academy ISD,5052,3899,211,825,1022,131
,1408,985,75,311,378,45
Adrian ISD,277,239,8,24,32,6
,56,41,6,7,13,2
Agua Dulce ISD,1537,455,23,1052,1067,15
,463,102,14,348,356,5
Alamo Heights ISD,28854,20067,515,7531,7972,815
,6606,3990,152,2266,2381,235
Alba-Golden ISD,5328,4807,37,368,403,118
,1173,993,20,134,153,27
Albany ISD,2589,2260,47,260,293,36
,675,543,27,104,123,9
Aldine ISD,264374,25436,75631,157884,230849,8089
,88385,3398,24857,59613,83150,1837
Aledo ISD,20374,18165,232,1562,1780,429
,6111,5242,97,633,724,145
Alice ISD,25647,3420,204,21872,21995,232
,7390,571,87,6728,6764,55
Alief ISD,256454,28209,75386,110039,182094,46151
,73063,3637,24093,37408,60087,9339
Allen ISD,81871,53432,7704,9321,16729,11710
,26297,15556,2964,3754,6540,4201
Alpine ISD,7698,4027,141,3403,3505,166
,1589,617,47,900,927,45
Alto ISD,3642,2220,812,573,1384,38
,927,433,239,238,476,18
Alvarado ISD,17609,13377,529,3366,3858,374
,4650,3036,211,1319,1507,107
Alvin ISD,86716,41293,10430,27289,37387,8036
,24893,8993,3408,10144,13349,2551
Alvord ISD,3641,3273,29,290,318,50
,931,795,14,109,123,13
Amarillo ISD,169532,96969,13935,51927,64724,7839
,46515,19049,5593,20351,25149,2317
Amherst ISD,966,447,51,451,496,23
,258,78,12,172,179,1
Anahuac ISD,6780,4055,1147,1425,2552,173
,1660,847,272,512,772,41
Anderson-Shiro Cons ISD,3360,2677,319,337,644,39
,765,552,73,134,201,12
Andrews ISD,14786,7083,285,7195,7436,267
,4312,1490,120,2653,2750,72
Angleton ISD,38880,19585,6979,11933,18697,598
,8706,3757,1221,3698,4810,139
Anna ISD,11187,8017,739,2150,2845,325
,3551,2243,321,905,1193,115
Anson ISD,3639,2424,100,1058,1147,68
,934,491,43,386,423,20
Anthony ISD,5176,974,484,3575,4018,184
,1042,71,30,951,965,6
Anton ISD,1460,780,59,617,666,14
,395,159,25,215,231,5
Apple Springs ISD,1168,983,136,35,171,14
,250,211,22,14,36,3
Aquilla ISD,1310,1138,37,126,157,15
,278,209,13,57,64,5
Aransas County ISD,21003,14935,354,5068,5351,717
,4042,2083,130,1733,1818,141
Aransas Pass ISD,11037,6369,354,4109,4398,270
,2666,1088,144,1429,1525,53
Archer City ISD,3018,2707,29,229,249,62
,727,605,18,95,107,15
Argyle ISD,7791,6975,49,609,655,161
,2323,2005,21,249,267,51
Arlington ISD,341332,149272,67653,98377,163384,28676
,92259,26932,22275,37428,58251,7076
Arp ISD,5354,4348,628,302,926,80
,1272,980,165,109,273,19
Aspermont ISD,1441,1174,45,196,240,27
,332,232,16,76,91,9
Athens ISD,22059,14658,2681,4432,7036,365
,5237,2612,804,1790,2539,86
Atlanta ISD,10518,7510,2482,380,2856,152
,2500,1555,726,166,890,55
Aubrey ISD,8772,7280,239,1068,1288,204
,2589,1952,117,470,574,63
Austin ISD,635666,314460,54475,232208,282045,39161
,136822,42700,14914,74438,87102,7020
Austwell-Tivoli ISD,850,313,13,518,527,10
,181,41,1,137,137,3
Avalon ISD,810,527,35,233,268,15
,208,111,12,82,94,3
Avery ISD,1612,1446,68,74,138,28
,358,318,7,29,33,7
Avinger ISD,1191,982,124,65,189,20
,217,145,37,33,70,2
Axtell ISD,3134,2619,111,359,467,48
,815,619,36,150,183,13
Azle ISD,36418,31494,383,3614,3951,973
,8752,6864,162,1462,1601,287
Baird ISD,2421,2093,13,272,285,43
,508,407,8,88,96,5
Ballinger ISD,5468,3625,124,1667,1776,67
,1378,729,36,607,635,14
Balmorhea ISD,700,150,9,528,536,14
,187,16,6,162,167,4
Bandera ISD,17313,13822,121,3057,3161,330
,3403,2386,53,912,957,60
Bangs ISD,6172,5013,238,825,1052,107
,1332,924,88,304,383,25
Banquete ISD,3989,1450,46,2482,2518,21
,1092,308,18,767,779,5
Barbers Hill ISD,14684,12049,527,1898,2376,259
,4434,3391,199,785,952,91
Bartlett ISD,3663,1609,345,1659,1998,56
,625,214,61,352,408,3
Bastrop ISD,46645,26009,3771,16078,19598,1038
,12384,5090,1040,6136,7034,260
Bay City ISD,20201,8617,3081,8332,11276,308
,5510,1627,913,2983,3814,69
Beaumont ISD,130951,45584,61617,19383,80263,5104
,30079,6583,16928,5697,22299,1197
Beckville ISD,2645,2105,324,198,521,19
,704,529,89,79,168,7
Beeville ISD,26738,8508,2661,15346,17886,344
,5629,1085,199,4330,4466,78
Bellevue ISD,830,786,2,30,32,12
,201,188,1,12,13,0
Bells ISD,3729,3451,44,116,159,119
,959,841,22,46,67,51
Bellville ISD,12575,9360,1161,1934,3052,163
,2890,1794,324,748,1051,45
Belton ISD,45162,31229,3225,9461,12470,1463
,12205,7168,1101,3666,4630,407
Ben Bolt-Palito Blanco ISD,2571,290,9,2270,2272,9
,803,76,3,723,723,4
Benavides ISD,2236,169,3,2053,2054,13
,514,29,2,480,480,5
Benjamin ISD,344,268,7,66,72,4
,85,55,2,25,27,3
Big Sandy ISD (Polk),2158,1439,30,138,165,554
,553,315,18,55,70,168
Big Sandy ISD (Upshur),4312,3515,485,234,714,83
,1072,808,136,103,237,27
Big Spring ISD,29015,14031,2350,12156,14328,656
,6428,2224,578,3643,4088,116
Birdville ISD,130950,84583,7247,30938,37694,8673
,33348,16718,2735,11817,14269,2361
Bishop Cons ISD,5365,1634,103,3618,3676,55
,1462,300,44,1123,1148,14
Blackwell Cons ISD,1036,899,6,124,126,11
,225,169,4,53,54,2
Blanco ISD,6620,5171,63,1280,1330,119
,1419,943,17,438,450,26
Bland ISD,3217,2552,61,544,599,66
,912,624,24,246,266,22
Blanket ISD,1246,1045,5,165,170,31
,293,206,3,77,80,7
Bloomburg ISD,1374,1252,60,38,96,26
,317,283,14,12,24,10
Blooming Grove ISD,4320,3468,162,623,779,73
,1103,771,65,242,307,25
Bloomington ISD,4103,1045,227,2826,3035,23
,1277,203,77,1002,1064,10
Blue Ridge ISD,3232,2858,23,295,311,63
,797,660,13,114,124,13
Bluff Dale ISD,844,785,2,45,47,12
,173,157,0,15,15,1
Blum ISD,1797,1641,11,122,130,26
,458,401,5,47,51,6
Boerne ISD,34870,27609,273,6309,6532,729
,8573,6075,116,2196,2277,221
Boles ISD,689,581,25,60,85,23
,238,185,18,29,47,6
Boling ISD,4208,2131,622,1444,2050,27
,1081,428,133,528,651,2
Bonham ISD,16393,12427,1622,1990,3573,393
,3178,2342,213,546,743,93
Booker ISD,1718,850,24,824,829,39
,518,185,5,318,321,12
Borden County ISD,661,553,1,98,99,9
,143,105,1,37,38,0
Borger ISD,14399,9651,581,3770,4289,459
,3947,2133,220,1526,1699,115
Bosqueville ISD,2185,1712,111,315,422,51
,556,394,36,105,137,25
Bovina ISD,2284,541,19,1720,1734,9
,764,123,4,635,639,2
Bowie ISD,10466,9308,45,931,965,193
,2387,1913,32,400,425,49
Boyd ISD,5766,5037,40,547,586,143
,1366,1099,22,197,218,49
Boys Ranch ISD,282,229,19,30,48,5
,162,121,16,22,37,4
Brackett ISD,3598,1496,70,2004,2048,54
,724,188,16,515,524,12
Brady ISD,7201,4608,185,2366,2513,80
,1834,972,66,799,846,16
Brazos ISD,4403,2479,472,1415,1869,55
,1112,485,149,479,619,8
Brazosport ISD,61860,33099,5527,21909,27015,1746
,17395,6985,1966,8268,9950,460
Breckenridge ISD,9515,7179,225,2007,2224,112
,2290,1445,65,758,816,29
Bremond ISD,2241,1809,302,102,404,28
,515,384,79,40,119,12
Brenham ISD,30673,19990,5854,4369,10072,611
,6836,3480,1640,1665,3213,143
Bridge City ISD,12860,11251,142,1088,1219,390
,3215,2605,62,430,488,122
Bridgeport ISD,12063,8291,315,3278,3570,202
,3138,1805,38,1250,1274,59
Broaddus ISD,2930,2716,85,95,179,35
,595,518,25,42,66,11
Brock ISD,4224,3881,30,227,256,87
,1127,1008,9,76,85,34
Bronte ISD,1565,1266,8,270,277,22
,370,252,1,105,106,12
Brookeland ISD,2407,2129,178,70,242,36
,500,405,61,31,88,7
Brookesmith ISD,923,834,8,74,82,7
,170,144,4,22,26,0
Brooks County ISD,7223,573,48,6590,6612,38
,2006,113,18,1878,1885,8
Brownfield ISD,11009,4857,651,5475,6065,87
,2826,874,164,1808,1933,19
Brownsboro ISD,15836,13429,1072,1080,2130,277
,3716,2891,304,456,746,79
Brownsville ISD,189858,10579,989,177415,177813,1466
,65202,1882,423,62804,62927,393
Brownwood ISD,21707,14696,1293,5466,6663,348
,5465,2976,440,2018,2410,79
Bruceville-Eddy ISD,4059,3196,93,703,794,69
,1050,734,29,278,305,11
Bryan ISD,92345,44261,15427,31049,45929,2155
,23646,7247,5079,11302,16068,331
Bryson ISD,1259,1096,11,123,134,29
,313,243,7,55,62,8
Buckholts ISD,855,524,8,308,315,16
,251,121,1,124,125,5
Buena Vista ISD,404,212,3,187,190,2
,102,31,2,69,71,0
Buffalo ISD,5072,3669,413,962,1353,50
,1209,705,108,396,490,14
Bullard ISD,11048,9745,553,553,1092,211
,2754,2284,193,223,408,62
Buna ISD,7887,7327,249,200,441,119
,1987,1793,79,80,155,39
Burkburnett ISD,22237,17269,1860,2130,3911,1057
,4751,3506,399,676,1038,207
Burkeville ISD,2390,1720,592,45,636,34
,479,317,134,19,153,9
Burleson ISD,52131,42774,2063,6191,8147,1210
,14784,11017,873,2563,3374,393
Burnet Cons ISD,22014,18066,445,3177,3585,363
,4727,3399,93,1168,1240,88
Burton ISD,2969,2370,315,237,549,50
,597,419,68,88,155,23
Bushland ISD,5269,4664,64,400,461,144
,1396,1205,28,132,159,32
Bynum ISD,1028,843,19,135,149,36
,284,213,5,60,61,10
Caddo Mills ISD,6465,5631,171,570,734,100
,1856,1555,62,215,271,30
Calallen ISD,20286,10560,354,9138,9427,299
,5610,2235,156,3181,3295,80
Caldwell ISD,10193,6988,1033,2113,3123,82
,2549,1408,295,847,1125,16
Calhoun County ISD,21381,9794,655,9922,10484,1103
,5671,1729,193,3506,3645,297
Callisburg ISD,6892,6430,44,296,339,123
,1422,1260,24,116,139,23
Calvert ISD,1633,725,663,214,871,37
,377,92,208,75,279,6
Cameron ISD,8526,4881,1276,2301,3537,108
,2248,926,406,908,1286,36
Campbell ISD,2231,1964,32,178,208,59
,498,399,15,73,87,12
Canadian ISD,3643,2514,14,1070,1079,50
,1081,604,9,460,466,11
Canton ISD,11346,10080,256,732,979,287
,2563,2125,90,271,357,81
Canutillo ISD,25848,3052,396,22228,22494,302
,8393,615,148,7618,7692,86
Canyon ISD,51224,41943,1077,6929,7907,1374
,12988,9699,428,2565,2929,360
Carlisle ISD,2458,1404,170,860,1030,24
,747,317,32,390,422,8
Carrizo Springs Cons ISD,9996,1217,122,8616,8700,79
,3001,236,51,2718,2746,19
Carroll ISD,28292,23772,642,1559,2173,2347
,9640,7713,275,687,946,981
Carrollton-Farmers Branch ISD,167614,66334,21884,52427,73323,27957
,39758,9383,6222,18226,23976,6399
Carthage ISD,16558,11640,3191,1518,4686,232
,4084,2477,897,654,1540,67
Castleberry ISD,19439,8880,375,9932,10242,317
,5585,1405,151,4017,4123,57
Cayuga ISD,10080,4624,3512,1870,5374,82
,714,569,63,66,127,18
Cedar Hill ISD,45362,11495,24159,8794,32528,1339
,13633,1854,8311,3344,11410,369
Celeste ISD,2369,2134,63,128,186,49
,610,517,31,56,82,11
Celina ISD,8828,6720,324,1614,1924,184
,2743,1907,124,661,778,58
Center ISD,11740,6332,2441,2886,5299,109
,3241,1315,715,1199,1897,29
Center Point ISD,3964,2684,38,1173,1191,89
,1017,496,26,483,495,26
Centerville ISD (Leon),4279,3539,367,310,675,65
,855,660,68,114,182,13
Centerville ISD (Trinity),767,713,5,31,36,18
,180,155,0,16,16,9
Central Heights ISD,3230,2615,268,293,549,66
,906,688,70,133,194,24
Central ISD,8334,6767,557,918,1467,100
,2120,1564,160,381,534,22
Channelview ISD,36550,8164,5360,22376,27478,908
,12597,1588,1864,9048,10771,238
Channing ISD,817,605,22,165,186,26
,303,199,18,80,97,7
Chapel Hill ISD (Smith),21282,13288,3891,3727,7540,454
,5100,2509,1006,1519,2482,109
Chapel Hill ISD (Titus),3118,2295,143,627,767,56
,921,560,61,283,341,20
Charlotte ISD,2383,717,37,1646,1653,13
,723,184,14,535,538,1
Cherokee ISD,596,495,9,82,90,11
,139,99,8,29,37,3
Chester ISD,1266,1058,147,49,193,15
,287,247,23,15,37,3
Chico ISD,3547,3025,10,466,473,49
,850,632,8,203,209,9
Childress ISD,7011,4300,723,1881,2582,129
,1497,878,106,491,585,34
Chillicothe ISD,1185,839,51,287,325,21
,287,153,19,116,127,7
Chilton ISD,2140,1067,269,753,1018,55
,596,195,74,304,375,26
China Spring ISD,10962,9435,351,1038,1351,176
,3119,2516,156,423,555,48
Chireno ISD,1641,1336,160,129,286,19
,425,325,42,58,98,2
Chisum ISD,5000,4061,404,409,810,129
,1274,937,131,180,309,28
Christoval ISD,2300,1932,18,322,338,30
,510,396,8,98,104,10
Cisco ISD,5207,4408,160,563,718,81
,1167,924,27,209,233,10
City View ISD,4775,3413,470,698,1140,222
,1176,703,187,258,422,51
Clarendon ISD,3187,2694,180,264,441,52
,636,475,68,84,152,9
Clarksville ISD,6326,3659,2008,580,2568,99
,1285,505,535,233,758,22
Claude ISD,1830,1658,14,121,135,37
,414,346,9,51,60,8
Clear Creek ISD,210650,134386,16479,37896,53474,22790
,54420,30277,5259,13049,17823,6320
Cleburne ISD,37541,25961,1643,9274,10812,768
,10220,5719,601,3749,4285,216
Cleveland ISD,19829,12262,2240,5026,7198,369
,5680,2914,671,2032,2667,99
Clifton ISD,6670,5297,178,1135,1293,80
,1468,921,84,462,533,14
Clint ISD,41584,2191,540,38822,39191,202
,15353,458,234,14698,14834,61
Clyde Cons ISD,12539,8296,1845,2259,4079,164
,1951,1665,39,217,247,39
Coahoma ISD,3513,2752,31,686,715,46
,823,560,17,240,255,8
Coldspring-Oakhurst Cons ISD,13347,10536,1938,658,2564,247
,2528,1751,511,214,708,69
Coleman ISD,5932,4707,178,975,1132,93
,1351,938,65,345,395,18
College Station ISD,101199,70118,7097,14067,20824,10257
,15856,9275,2189,2886,4896,1685
Collinsville ISD,2882,2616,24,199,220,46
,734,620,15,91,103,11
Colmesneil ISD,2439,2257,82,66,147,35
,545,490,19,29,47,8
Colorado ISD,7498,3407,1042,2991,4011,80
,1361,580,93,692,770,11
Columbia-Brazoria ISD,18785,13297,2006,3220,5159,329
,4716,2863,606,1200,1758,95
Columbus ISD,10195,7080,1100,1970,3003,112
,2351,1272,340,749,1045,34
Comal ISD,98991,70958,2604,23134,25436,2597
,24628,14948,890,8276,8980,700
Comanche ISD,7344,5117,40,2107,2121,106
,1784,892,17,863,867,25
Comfort ISD,7660,5106,49,2406,2431,123
,1709,826,15,855,864,19
Commerce ISD,10937,7120,2023,1221,3190,627
,2358,1278,545,457,976,104
Community ISD,9016,7201,302,1300,1594,221
,2476,1796,107,519,621,59
Como-Pickton Cons ISD,3780,2644,152,948,1091,45
,1074,594,53,420,466,14
Comstock ISD,603,391,1,199,200,12
,117,54,1,61,62,1
Connally ISD,14898,9136,3038,2583,5498,264
,4049,1933,1145,1005,2062,54
Conroe ISD,258552,175816,14356,58042,71457,11279
,72463,42632,4981,21687,26224,3607
Coolidge ISD,1422,643,265,495,754,25
,410,122,93,190,280,8
Cooper ISD,4723,3917,403,264,654,152
,1090,811,136,112,241,38
Coppell ISD,44419,26146,2307,4478,6687,11586
,13993,7311,750,1727,2423,4259
Copperas Cove ISD,35700,21487,7163,5290,11918,2295
,10378,5274,2721,2077,4496,608
Corpus Christi ISD,235270,66854,12085,151590,161957,6459
,60205,10537,3759,45465,48145,1523
Corrigan-Camden ISD,4890,2617,1110,1127,2227,46
,1319,540,361,415,770,9
Corsicana ISD,29028,14611,5446,8346,13612,805
,8150,2914,1641,3442,4970,266
Cotton Center ISD,388,230,14,143,156,2
,104,56,5,44,48,0
Cotulla ISD,6790,845,45,5874,5898,47
,1483,131,20,1340,1347,5
Coupland ISD,922,753,15,136,150,19
,224,149,7,62,69,6
Covington ISD,1439,1306,13,98,110,23
,321,275,5,36,40,6
Crandall ISD,11978,9213,1103,1445,2517,248
,3721,2635,417,611,1008,78
Crane ISD,4375,1761,150,2409,2538,76
,1289,359,60,872,916,14
Cranfills Gap ISD,876,795,5,69,74,7
,168,139,0,28,28,1
Crawford ISD,2504,2253,43,175,216,35
,675,589,10,63,73,13
Crockett County Cons CSD,3719,1312,37,2352,2366,41
,994,206,16,780,782,6
Crockett ISD,9477,4401,3648,1322,4930,146
,2319,673,1060,543,1587,59
Crosby ISD,24689,15435,4154,4815,8894,360
,6898,3654,1259,1939,3143,101
Crosbyton Cons ISD,2248,1064,111,1072,1172,12
,589,191,41,360,395,3
Cross Plains ISD,2667,2479,6,140,146,42
,540,474,4,56,60,6
Cross Roads ISD,3022,2733,62,189,243,46
,791,679,34,76,105,7
Crowell ISD,1372,1117,54,190,244,11
,281,196,23,59,82,3
Crowley ISD,86195,38780,24968,17915,42210,5205
,25438,8334,9154,6825,15587,1517
Crystal City ISD,8573,304,76,8226,8256,13
,2650,52,48,2580,2595,3
Cuero ISD,10484,5044,1604,3769,5255,185
,2297,843,406,1049,1374,80
Culberson County-Allamore ISD,2415,511,24,1837,1850,54
,671,90,9,565,568,13
Cumby ISD,2148,1957,16,133,148,43
,519,442,11,52,63,14
Cushing ISD,2932,2504,168,199,366,62
,656,543,29,68,97,16
Cypress-Fairbanks ISD,496517,215951,72116,159497,227610,52956
,148793,51495,25177,59327,82366,14932
D'Hanis ISD,1625,1024,5,586,591,10
,377,193,1,181,182,2
Daingerfield-Lone Star ISD,8517,5358,2307,735,3032,127
,1970,976,646,328,966,28
Dalhart ISD,10237,6163,538,3376,3892,182
,2576,1379,60,1092,1138,59
Dallas ISD,1020695,270664,257281,469234,720117,29914
,271351,31575,67352,169685,233984,5792
Damon ISD,1232,828,27,354,376,28
,329,171,14,140,149,9
Danbury ISD,4336,3433,227,605,827,76
,1021,798,22,171,192,31
Darrouzett ISD,471,382,2,79,81,8
,135,87,2,43,45,3
Dawson ISD (Dawson),398,238,8,159,160,0
,120,53,5,66,67,0
Dawson ISD (Navarro),2752,2275,229,215,438,39
,633,464,68,97,160,9
Dayton ISD,28170,18697,3324,5759,9015,458
,6734,4082,677,1908,2553,99
De Kalb ISD,4580,3335,929,201,1117,128
,1065,690,258,86,336,39
De Leon ISD,4322,3326,25,938,955,41
,1028,664,17,344,356,8
Decatur ISD,14614,10989,208,3175,3362,263
,3934,2545,91,1239,1315,74
Deer Park ISD,50037,30383,1472,16791,18093,1561
,13776,6559,625,6321,6838,379
Del Valle ISD,59593,12899,8247,36925,44458,2236
,16722,1400,2239,13185,15076,246
Dell City ISD,620,269,27,326,343,8
,134,43,19,76,91,0
Denison ISD,27555,21847,2308,2334,4575,1133
,6278,4264,819,938,1713,301
Denton ISD,158207,103022,16229,31016,46473,8712
,37241,20431,4480,10779,14866,1944
Denver City ISD,5798,2112,96,3542,3612,74
,1838,442,37,1360,1381,15
DeSoto ISD,52891,8942,36223,7467,43182,767
,15570,1228,11492,2958,14142,200
Detroit ISD,2227,1941,173,63,231,55
,537,447,51,22,71,19
Devers ISD,941,706,73,153,223,12
,245,172,17,57,72,1
Devine ISD,9217,4407,118,4626,4701,109
,2578,962,40,1576,1596,20
Dew ISD,854,717,81,49,129,8
,200,164,19,17,36,0
Deweyville ISD,3701,3487,36,97,132,82
,882,808,14,41,54,20
Diboll ISD,9015,4282,1324,3374,4657,76
,2468,900,339,1225,1533,35
Dickinson ISD,51334,27132,6554,15641,21892,2310
,13770,5206,2178,5956,7957,607
Dilley ISD,4774,784,452,3472,3912,78
,1090,113,2,969,971,6
Dime Box ISD,1222,710,301,208,498,14
,267,106,84,84,160,1
Dimmitt ISD,5518,1752,127,3588,3703,63
,1762,323,47,1377,1419,20
Divide ISD,174,146,0,28,28,0
,36,26,0,10,10,0
Dodd City ISD,1007,932,31,32,63,12
,233,194,21,15,36,3
Donna ISD,58681,4241,184,54273,54319,121
,22391,445,98,21884,21904,42
Doss Cons CSD,307,277,2,21,23,7
,56,47,0,7,7,2
Douglass ISD,1952,1633,109,186,293,26
,485,381,24,75,98,6
Dripping Springs ISD,22772,18977,302,2751,3022,773
,6427,5011,130,1053,1161,255
Driscoll ISD,1406,212,5,1183,1188,6
,433,42,4,386,390,1
Dublin ISD,7146,4519,73,2486,2541,86
,2020,975,30,997,1020,25
Dumas ISD,19719,7192,380,10592,10899,1628
,6317,1486,119,4130,4214,617
Duncanville ISD,69078,17102,27993,22416,49826,2150
,20185,2358,8828,8802,17307,520
Eagle Mountain-Saginaw ISD,79354,48888,6508,19616,25714,4752
,24441,12656,2624,8017,10391,1394
Eagle Pass ISD,54258,1552,200,51914,52004,702
,18323,391,88,17637,17664,268
Eanes ISD,35424,28992,340,2836,3145,3287
,9757,7476,135,1001,1121,1160
Early ISD,5221,4332,59,715,773,116
,1293,927,31,304,334,32
East Bernard ISD,4142,2857,296,977,1257,28
,1135,706,95,340,426,3
East Central ISD,45223,15791,4315,24944,28843,589
,12913,2951,1304,8773,9814,148
East Chambers ISD,6277,4191,543,1478,1997,89
,1708,938,137,626,751,19
Eastland ISD,6593,5390,118,1001,1113,90
,1515,1065,45,388,428,22
Ector County ISD,137130,56306,6847,72331,78378,2446
,39808,11041,2476,26196,28168,599
Ector ISD,1121,1023,11,50,60,38
,277,242,4,17,21,14
Edcouch-Elsa ISD,18121,400,123,17682,17707,14
,6583,104,59,6468,6477,2
Eden Cons ISD,3344,1213,101,2045,2099,32
,439,231,10,205,208,0
Edgewood ISD (Bexar),58041,1344,1451,55320,56371,326
,17822,234,422,17281,17491,97
Edgewood ISD (Van Zandt),5151,4525,227,321,539,87
,1243,1015,88,122,203,25
Edinburg Cons ISD,137001,8505,1634,125193,126358,2138
,47274,1470,458,44992,45207,597
Edna ISD,7840,4626,942,2246,3119,95
,2030,923,332,803,1086,21
El Campo ISD,17808,8083,2009,7678,9576,149
,5029,1548,664,2853,3454,27
El Paso ISD,328584,66355,17141,239597,253438,8791
,91005,12063,6011,72711,76912,2030
Electra ISD,3174,2541,204,388,582,51
,765,505,88,166,249,11
Elgin ISD,19452,9105,2625,7562,10020,327
,5676,1913,919,2866,3681,82
Elkhart ISD,6128,5301,382,354,724,103
,1581,1301,107,143,244,36
Elysian Fields ISD,4852,3841,749,195,936,75
,1226,949,185,76,256,21
Ennis ISD,26542,13581,3045,9714,12642,319
,7735,2894,976,3847,4751,90
Era ISD,1764,1589,9,106,115,60
,435,373,7,37,44,18
Etoile ISD,1453,1384,11,43,54,15
,302,276,8,13,21,5
Eula ISD,2586,2185,108,244,347,54
,597,435,53,94,144,18
Eustace ISD,7971,7235,155,440,588,148
,1681,1419,53,177,223,39
Evadale ISD,1636,1587,12,32,44,5
,440,420,11,9,20,0
Evant ISD,1562,1321,12,198,210,31
,326,233,6,78,84,9
Everman ISD,22426,4674,8843,8605,17272,480
,7308,654,3050,3575,6528,126
Excelsior ISD,613,525,11,76,87,1
,159,122,3,34,37,0
Ezzell ISD,727,685,3,27,30,12
,160,146,1,11,12,2
Fabens ISD,9021,399,61,8590,8601,21
,3123,108,22,3011,3011,4
Fairfield ISD,9450,6681,1424,1218,2613,156
,2290,1394,367,492,846,50
Falls City ISD,1745,1474,12,244,254,17
,437,351,8,73,80,6
Fannindel ISD,1465,1077,285,74,358,30
,332,193,101,29,130,9
Farmersville ISD,7535,5550,414,1414,1812,173
,2017,1307,132,543,664,46
Farwell ISD,2328,1351,36,929,962,15
,688,312,10,364,372,4
Fayetteville ISD,1507,1407,37,48,85,15
,269,249,3,17,20,0
Ferris ISD,9559,4683,833,3950,4738,138
,2862,989,280,1598,1846,27
Flatonia ISD,3517,2295,152,1044,1194,28
,827,385,44,394,436,6
Florence ISD,5214,3931,65,1113,1166,117
,1371,886,24,439,458,27
Floresville ISD,21588,9939,496,10956,11385,264
,5563,1983,133,3419,3512,68
Flour Bluff ISD,30542,20412,1226,7496,8573,1557
,7173,3837,490,2623,3011,325
Floydada ISD,3955,1654,180,2119,2283,18
,1135,260,56,828,875,0
Follett ISD,614,520,5,79,84,10
,161,125,4,28,32,4
Forestburg ISD,1033,954,2,65,67,12
,213,183,1,24,25,5
Forney ISD,31980,22911,3435,4924,8243,826
,10636,6965,1316,2131,3375,296
Forsan ISD,2198,1823,31,325,339,36
,547,424,15,116,120,3
Fort Bend ISD,347923,98499,99436,72276,169222,80202
,100711,22452,31669,25531,55960,22299
Fort Davis ISD,2024,1294,41,671,695,35
,417,216,19,182,194,7
Fort Elliott Cons ISD,841,736,9,84,88,17
,196,147,7,43,47,2
Fort Hancock ISD,2226,202,16,1999,2005,19
,741,28,8,702,706,7
Fort Sam Houston ISD,7129,4227,1263,1200,2373,529
,1545,726,372,392,707,112
Fort Stockton ISD,13461,3325,563,9436,9957,179
,3251,403,41,2796,2817,31
Fort Worth ISD,466908,163769,100888,191066,288808,14331
,127431,23750,30024,71913,100255,3426
Franklin ISD,5441,4447,444,473,897,97
,1330,1011,124,175,286,33
Frankston ISD,4518,3776,435,237,663,79
,1046,798,142,93,230,18
Fredericksburg ISD,21950,16880,110,4723,4789,281
,4490,2657,37,1727,1752,81
Freer ISD,3269,608,20,2631,2636,25
,959,142,6,812,812,5
Frenship ISD,42332,28607,1890,10199,11884,1841
,11378,6576,713,3681,4246,556
Friendswood ISD,25522,21035,527,2541,3044,1443
,7087,5519,174,944,1109,459
Friona ISD,5085,1678,81,3314,3367,40
,1586,321,25,1246,1258,7
Frisco ISD,163060,104267,16569,19601,35514,23279
,53666,32165,6111,7563,13297,8204
Frost ISD,1730,1283,77,352,428,19
,446,288,17,136,153,5
Fruitvale ISD,1675,1476,16,159,175,24
,398,326,12,54,66,6
Gainesville ISD,18333,11951,1181,4734,5858,524
,5079,2393,490,2081,2536,150
Galena Park ISD,83902,11922,16013,54789,70077,1903
,26995,1740,4710,20540,24862,393
Galveston ISD,50606,23855,9580,15307,24487,2264
,9630,2625,2443,4395,6619,386
Ganado ISD,3217,1990,71,1136,1199,28
,793,362,19,406,421,10
Garland ISD,276437,115069,41820,92963,133247,28121
,79774,22334,14630,36228,49964,7476
Garner ISD,3667,2158,754,724,1475,34
,382,342,4,31,34,6
Garrison ISD,3138,2296,607,209,811,31
,737,486,151,94,241,10
Gary ISD,1856,1693,39,108,146,17
,439,382,7,48,55,2
Gatesville ISD,22838,15854,3342,3306,6595,389
,3792,2817,201,728,904,71
Gause ISD,851,646,116,79,193,12
,217,143,33,41,73,1
George West ISD,6550,4203,56,2215,2253,94
,1415,741,24,631,649,25
Georgetown ISD,63164,45814,2400,13844,15958,1392
,15013,8777,798,5202,5837,399
Gholson ISD,1342,1100,73,156,224,18
,316,225,19,72,89,2
Giddings ISD,10077,5664,1208,3131,4305,108
,2816,1104,367,1340,1677,35
Gilmer ISD,15555,12512,1712,1053,2741,302
,3715,2725,499,426,910,80
Gladewater ISD,11888,9097,1750,845,2562,229
,3048,2026,643,353,968,54
Glasscock County ISD,1226,825,17,378,395,6
,352,212,7,132,139,1
Glen Rose ISD,8417,6533,81,1619,1688,196
,2231,1473,51,639,684,74
Godley ISD,7055,5849,121,956,1065,141
,2098,1634,38,392,426,38
Gold-Burg ISD,728,647,2,60,61,20
,153,124,1,22,23,6
Goldthwaite Cons ISD,3597,2806,33,707,740,51
,884,600,26,246,272,12
Goliad ISD,7210,4337,385,2462,2794,79
,1648,765,123,778,867,16
Gonzales ISD,13028,6209,1238,5558,6673,146
,3520,1134,377,2035,2339,47
Goodrich ISD,2150,1520,283,330,611,19
,449,266,56,125,180,3
Goose Creek Consolidated ISD,98787,41373,15767,39971,55062,2352
,29056,8320,5163,15331,20125,611
Gordon ISD,1157,1029,3,102,103,25
,258,211,2,40,40,7
Gorman ISD,1843,1395,6,425,430,18
,390,225,2,161,163,2
Grady ISD,555,370,9,170,179,6
,171,105,4,61,65,1
Graford ISD,2323,2145,9,131,136,42
,455,388,3,48,49,18
Graham ISD,13562,10975,195,2226,2395,192
,3261,2288,73,860,919,54
Granbury ISD,48229,41811,380,5100,5435,983
,10142,7855,164,1912,2057,230
Grand Prairie ISD,121843,34538,20344,61208,80476,6829
,38500,6167,7241,23862,30455,1878
Grand Saline ISD,6744,5696,73,884,947,101
,1643,1226,47,351,391,26
Grandfalls-Royalty ISD,528,282,11,224,235,11
,137,55,5,74,79,3
Grandview ISD,4677,3946,118,554,667,64
,1294,1007,41,226,265,22
Grandview-Hopkins ISD,111,108,3,0,3,0
,18,18,0,0,0,0
Granger ISD,2537,1786,133,605,723,28
,526,277,26,227,245,4
Grape Creek ISD,5842,4143,78,1549,1599,100
,1492,900,44,542,572,20
Grapeland ISD,4089,3177,749,126,870,42
,888,628,194,55,247,13
Grapevine-Colleyville ISD,74315,54952,3013,10481,13322,6041
,18778,12291,967,3653,4536,1951
Greenville ISD,30881,19238,4714,6288,10847,796
,7984,3875,1437,2538,3873,236
Greenwood ISD,7214,5095,60,1979,2017,102
,2176,1362,30,771,787,27
Gregory-Portland ISD,18384,9939,348,7696,7993,452
,5199,2372,137,2585,2694,133
Groesbeck ISD,9644,7214,1088,1251,2292,138
,2007,1305,275,429,674,28
Groom ISD,743,671,7,48,55,17
,156,129,5,18,23,4
Groveton ISD,5166,4459,334,305,639,68
,1032,829,82,99,181,22
Gruver ISD,1767,1077,22,662,684,6
,528,276,7,244,251,1
Gunter ISD,2955,2364,27,505,532,59
,843,615,8,199,207,21
Gustine ISD,1227,778,14,434,439,10
,342,142,9,192,196,4
Guthrie CSD,274,237,0,32,32,5
,64,52,0,11,11,1
Hale Center ISD,2869,1088,127,1647,1760,21
,854,194,52,613,656,4
Hallettsville ISD,6840,5497,633,672,1276,67
,1431,1004,196,236,411,16
Hallsburg ISD,1063,908,63,83,142,13
,231,190,13,22,35,6
Hallsville ISD,19354,16407,1309,1295,2578,369
,5398,4294,416,588,986,118
Hamilton ISD,5384,4841,33,435,466,77
,1097,899,11,167,178,20
Hamlin ISD,2499,1622,217,660,855,22
,646,361,62,233,281,4
Hamshire-Fannett ISD,9116,7636,530,814,1338,142
,2266,1759,151,327,472,35
Happy ISD,1073,873,11,178,187,13
,293,219,4,65,68,6
Hardin ISD,6874,5978,254,549,795,101
,1709,1390,78,219,291,28
Hardin-Jefferson ISD,12064,9979,1119,803,1909,176
,2770,2160,286,293,575,35
Harlandale ISD,61015,4953,685,55469,55709,353
,17529,745,300,16661,16729,55
Harleton ISD,3055,2706,236,85,321,28
,816,710,59,43,102,4
Harlingen Cons ISD,83646,15702,918,66112,66695,1249
,25260,2286,376,22465,22630,344
Harmony ISD,6346,5704,63,511,571,71
,1251,1003,16,210,226,22
Harper ISD,3595,3208,14,327,334,53
,681,547,4,124,125,9
Harrold ISD,129,113,4,6,10,6
,25,19,2,2,4,2
Hart ISD,1496,401,40,1054,1087,8
,459,74,19,370,383,2
Hartley ISD,877,506,4,358,362,9
,314,157,0,153,153,4
Harts Bluff ISD,3032,1976,71,926,981,75
,887,430,25,409,426,31
Haskell Cons ISD,4356,2966,220,1104,1303,87
,935,509,67,356,406,20
Hawkins ISD,5446,4224,909,230,1129,93
,1036,808,136,70,205,23
Hawley ISD,3140,2762,31,299,325,53
,798,649,17,125,138,11
Hays Cons ISD,67891,31509,3216,32231,34948,1434
,21717,7809,1239,12546,13485,423
Hearne ISD,7038,2663,2261,2143,4305,70
,1955,474,727,802,1463,18
Hedley ISD,584,525,2,51,53,6
,131,110,0,21,21,0
Hemphill ISD,7636,6680,585,237,821,135
,1281,1017,153,83,235,29
Hempstead ISD,9014,3389,2625,2939,5480,145
,2431,564,745,1136,1832,35
Henderson ISD,23550,14490,5265,3530,8740,320
,4960,2659,1069,1169,2214,87
Henrietta ISD,5658,5249,37,223,257,152
,1273,1126,15,91,104,43
Hereford ISD,19135,5724,296,13024,13219,192
,6186,1132,118,4954,5007,47
Hermleigh ISD,751,555,15,173,186,10
,186,118,4,63,66,2
Hico ISD,3219,2734,29,428,448,37
,751,568,16,167,176,7
Hidalgo ISD,8049,178,43,7854,7862,9
,2844,26,25,2812,2816,2
Higgins ISD,549,497,1,38,39,13
,106,91,1,11,12,3
High Island ISD,537,477,5,43,48,12
,88,73,0,14,14,1
Highland ISD,362,329,0,33,33,0
,91,83,0,8,8,0
Highland Park ISD (Dallas),32945,29989,344,1329,1643,1313
,9684,8707,74,447,506,471
Highland Park ISD (Potter),8463,3866,2135,2369,4493,104
,988,632,49,293,338,18
Hillsboro ISD,10634,5581,1373,3603,4933,120
,2740,934,414,1399,1785,21
Hitchcock ISD,8582,4026,2678,1837,4446,110
,2168,715,815,664,1432,21
Holland ISD,2406,1867,65,466,512,27
,649,421,29,199,217,11
Holliday ISD,4553,4261,38,196,229,63
,1048,947,21,70,88,13
Hondo ISD,12669,5072,760,6681,7369,228
,2920,963,73,1881,1922,35
Honey Grove ISD,3402,2757,315,275,588,57
,784,560,98,114,210,14
Hooks ISD,4559,3462,777,248,1006,91
,1182,830,233,105,330,22
Houston ISD,1364357,343738,355164,596203,940426,80193
,336161,44762,88022,193288,276749,14650
Howe ISD,4905,4184,84,491,574,147
,1363,1054,50,211,260,49
Hubbard ISD (Bowie),559,506,16,18,34,19
,127,112,6,4,10,5
Hubbard ISD (Hill),1960,1528,258,149,404,28
,443,288,77,73,148,7
Huckabay ISD,1399,1177,1,179,180,42
,304,236,1,57,58,10
Hudson ISD,11571,8653,847,1912,2727,191
,3448,2310,340,767,1085,53
Huffman ISD,14985,12365,433,1859,2272,348
,4125,3186,147,708,843,96
Hughes Springs ISD,4761,3767,751,197,936,58
,1230,877,257,88,337,16
Hull-Daisetta ISD,3079,2277,569,194,749,53
,747,537,127,77,203,7
Humble ISD,167608,96383,26706,37838,63548,7677
,48678,24026,8864,14037,22378,2274
Hunt ISD,1691,1489,2,179,181,21
,260,195,1,59,60,5
Huntington ISD,8283,7615,252,336,576,92
,2151,1901,86,148,225,25
Huntsville ISD,62255,35422,14909,10967,25636,1197
,9860,4559,2571,2606,5072,229
Hurst-Euless-Bedford ISD,137578,84905,16137,24118,39495,13178
,31537,14791,5204,8437,13271,3475
Hutto ISD,22663,12503,3111,6626,9537,623
,7843,3622,1257,2859,3984,237
Idalou ISD,3852,2267,56,1510,1555,30
,1071,544,27,503,520,7
Industrial ISD,4153,3198,79,861,918,37
,1156,805,42,322,347,4
Ingleside ISD,10056,5552,250,3953,4171,333
,2979,1307,110,1488,1577,95
Ingram ISD,8275,6371,102,1664,1741,163
,1708,999,60,621,665,44
Iola ISD,2518,2157,48,276,317,44
,624,471,29,116,141,12
Iowa Park Cons ISD,13494,10020,1464,1751,3193,281
,2318,1988,39,231,260,70
Ira ISD,579,469,5,104,108,2
,141,98,2,40,42,1
Iraan-Sheffield ISD,1642,789,58,807,832,21
,469,162,28,296,303,4
Iredell ISD,952,827,1,102,103,22
,186,133,0,50,50,3
Irion County ISD,1599,1153,12,407,419,27
,368,232,6,124,130,6
Irving ISD,170884,51253,21886,85796,106357,13274
,47437,7163,6639,31429,37423,2851
Italy ISD,2849,1766,499,541,1032,51
,764,403,146,207,348,13
Itasca ISD,3635,2426,354,833,1165,44
,1046,597,133,315,434,15
Jacksboro ISD,6532,5028,355,1089,1434,70
,1351,988,32,326,356,7
Jacksonville ISD,25684,14027,4350,7054,11289,368
,7050,2563,1359,3105,4391,96
Jarrell ISD,8265,6396,178,1573,1733,136
,1486,791,67,606,665,30
Jasper ISD,16714,10015,5000,1431,6393,306
,4214,2019,1587,533,2098,97
Jayton-Girard ISD,770,637,10,117,123,10
,175,119,5,50,53,3
Jefferson ISD,9713,6914,2298,284,2576,223
,1835,1117,559,111,668,50
Jim Hogg County ISD,5300,334,31,4907,4928,38
,1538,51,12,1463,1470,17
Jim Ned Cons ISD,5629,5086,46,412,454,89
,1367,1173,20,153,170,24
Joaquin ISD,3533,3041,201,250,451,41
,904,736,58,103,161,7
Johnson City ISD,5434,4537,55,766,810,87
,1164,861,33,262,288,15
Jonesboro ISD,1158,1058,12,69,81,19
,278,237,6,31,37,4
Joshua ISD,23803,19653,357,3285,3617,533
,6612,4975,147,1347,1480,157
Jourdanton ISD,6218,2970,63,3156,3196,52
,1682,606,35,1046,1064,12
Judson ISD,113986,36323,27071,48020,72717,4946
,34175,6912,9790,17703,26061,1202
Junction ISD,4279,3175,19,1029,1048,56
,889,520,7,358,365,4
Karnack ISD,2510,1567,785,130,903,40
,443,218,171,53,216,9
Karnes City ISD,4642,2094,163,2389,2532,16
,1077,370,56,660,705,2
Katy ISD,256972,135559,23917,69391,91803,29610
,80405,36650,8851,25750,33823,9932
Kaufman ISD,17203,11545,1109,4288,5339,319
,4808,2601,346,1809,2118,89
Keene ISD,5004,2684,362,1507,1824,496
,1289,571,89,467,542,176
Keller ISD,150895,107353,9986,21674,31041,12501
,48514,31703,3935,8836,12434,4377
Kelton ISD,155,133,0,22,22,0
,44,33,0,11,11,0
Kemp ISD,9450,8254,273,765,1023,173
,2156,1747,74,298,365,44
Kenedy County-Wide CSD,413,85,8,317,319,9
,102,18,4,78,79,5
Kenedy ISD,7058,1918,1218,3865,5058,82
,1084,201,25,844,859,24
Kennard ISD,2240,1775,381,46,425,40
,463,333,103,18,120,10
Kennedale ISD,17859,11784,2493,2615,5037,1038
,4829,2732,861,958,1782,315
Kerens ISD,3652,2349,796,479,1266,37
,865,418,235,214,441,6
Kermit ISD,6108,2327,174,3542,3672,109
,1803,458,71,1262,1305,40
Kerrville ISD,33300,23563,937,8273,9049,688
,6536,3410,290,2803,2994,132
Kilgore ISD,21202,14174,3122,3527,6568,460
,5318,2955,870,1426,2251,112
Killeen ISD,195451,81306,62670,42151,100080,14065
,61053,20092,23331,16307,37010,3951
Kingsville ISD,26603,5677,1341,18927,20055,871
,6568,862,365,5352,5587,119
Kirbyville Cons ISD,7872,6454,1001,303,1299,119
,1900,1451,280,126,404,45
Klein ISD,217569,112285,29018,56461,84307,20977
,63706,27379,9695,21101,30169,6158
Klondike ISD,719,477,4,233,237,5
,231,132,1,98,99,0
Knippa ISD,931,435,2,492,493,3
,254,83,0,171,171,0
Knox City-O'Brien Cons ISD,1557,1007,100,435,527,23
,374,200,36,138,169,5
Kopperl ISD,1877,1743,5,98,102,32
,336,294,2,32,34,8
Kountze ISD,7711,6623,690,300,983,105
,1925,1583,213,104,316,26
Kress ISD,1256,619,55,580,631,6
,311,101,19,193,210,0
Krum ISD,8069,6540,123,1232,1343,186
,2308,1735,47,481,520,53
La Feria ISD,15131,2497,77,12502,12530,104
,4791,348,37,4409,4424,19
La Gloria ISD,285,56,1,227,227,2
,65,10,1,55,55,0
La Grange ISD,11989,8574,943,2358,3269,146
,2718,1517,319,873,1167,34
La Joya ISD,93891,5515,159,88160,88198,178
,36681,1054,84,35576,35590,37
La Porte ISD,41389,25802,2574,12089,14482,1105
,11547,5931,893,4513,5314,302
La Pryor ISD,1913,239,29,1653,1661,13
,641,54,13,582,584,3
La Vega ISD,13273,5734,2803,4610,7324,215
,3659,1037,806,1823,2569,53
La Vernia ISD,14066,10774,274,2751,3009,283
,3894,2745,93,991,1074,75
La Villa ISD,3270,84,28,3171,3183,3
,842,16,12,821,826,0
Lackland ISD,11714,7864,1983,1122,3036,814
,976,502,219,232,415,59
Lago Vista ISD,8457,7158,103,1001,1096,203
,1673,1268,34,325,358,47
Lake Dallas ISD,20991,15583,1350,3222,4527,881
,5988,3968,520,1264,1755,265
Lake Travis ISD,36350,29954,464,4299,4727,1669
,9175,6885,184,1563,1732,558
Lake Worth ISD,15761,7740,1417,6285,7607,414
,4827,1575,634,2562,3137,115
Lamar Cons ISD,123773,50497,20783,44002,63870,9406
,36108,11401,7127,15449,22062,2645
Lamesa ISD,12585,4689,969,6874,7776,120
,3027,743,192,2106,2256,28
Lampasas ISD,19250,14721,788,3140,3842,687
,4718,3189,253,1127,1335,194
Lancaster ISD,36347,4904,26043,5381,31148,295
,11306,610,8651,2155,10629,67
Laneville ISD,1505,928,448,105,553,24
,339,190,104,37,141,8
LaPoynor ISD,2618,2185,288,110,396,37
,636,481,89,59,147,8
Laredo ISD,92261,1963,419,89834,89929,369
,30946,494,169,30333,30359,93
Lasara ISD,1408,100,16,1305,1307,1
,460,21,7,439,439,0
Latexo ISD,2307,2014,111,154,262,31
,502,392,43,63,103,7
Lazbuddie ISD,685,442,10,240,242,1
,208,112,4,96,96,0
Leakey ISD,2138,1613,18,460,477,48
,413,240,15,150,164,9
Leander ISD,146419,105049,6500,25087,31030,10340
,45768,29966,2560,10001,12223,3579
Leary ISD,979,827,67,55,122,30
,234,179,22,26,48,7
Lefors ISD,621,573,5,32,35,13
,140,121,2,17,18,1
Leggett ISD,1272,833,271,151,406,33
,321,185,80,52,121,15
Leon ISD,4337,3286,174,818,988,63
,1039,672,38,314,352,15
Leonard ISD,3701,3114,153,330,477,110
,975,745,60,137,191,39
Levelland ISD,16422,7918,801,7552,8295,209
,4397,1473,235,2681,2874,50
Leveretts Chapel ISD,921,589,168,148,311,21
,273,149,56,65,119,5
Lewisville ISD,267972,167730,22845,47358,69186,31056
,75246,40950,7417,17698,24522,9774
Lexington ISD,5604,4614,445,474,906,84
,1352,1030,127,182,298,24
Liberty Hill ISD,11326,9440,163,1492,1641,245
,3348,2590,76,611,679,79
Liberty ISD,11256,6772,2195,2127,4293,191
,2866,1459,559,824,1370,37
Liberty-Eylau ISD,14674,8793,4560,1092,5589,292
,3394,1784,1322,242,1544,66
Lindale ISD,19277,16234,1336,1348,2656,387
,5000,3836,464,587,1034,130
Linden-Kildare Cons ISD,5700,4236,1120,269,1378,86
,1221,831,261,113,370,20
Lindsay ISD,1937,1780,18,100,114,43
,569,507,6,45,51,11
Lingleville ISD,1289,916,6,356,362,11
,364,208,4,147,151,5
Lipan ISD,1943,1776,15,116,131,36
,424,360,9,44,53,11
Little Cypress-Mauriceville Cons ISD,18873,16310,1135,995,2110,453
,4970,4006,424,404,816,148
Little Elm ISD,28468,15990,3546,7796,11218,1260
,9251,4276,1381,3249,4571,404
Littlefield ISD,7067,2977,457,3633,4033,57
,2040,593,173,1298,1436,11
Livingston ISD,27257,19518,3410,3900,7261,478
,5537,3627,693,1117,1783,127
Llano ISD,16958,15078,158,1471,1604,276
,2846,2189,74,533,587,70
Lockhart ISD,23727,10645,1787,11134,12783,299
,6384,2002,482,3905,4300,82
Lockney ISD,2405,1063,68,1267,1323,19
,709,187,31,494,516,6
Lohn ISD,245,210,0,34,34,1
,35,25,0,10,10,0
Lometa ISD,1578,1119,22,396,417,42
,421,238,16,151,166,17
London ISD,1526,793,26,674,699,34
,491,233,9,234,243,15
Lone Oak ISD,4541,4110,87,237,322,109
,1136,977,35,100,134,25
Longview ISD,56371,27205,17562,10795,28033,1133
,13264,3832,5068,4283,9171,261
Loop ISD,421,255,16,149,163,3
,121,63,6,52,57,1
Loraine ISD,997,582,32,368,396,19
,256,120,15,124,135,1
Lorena ISD,7277,6358,100,689,786,133
,2026,1672,47,265,310,44
Lorenzo ISD,1575,650,77,831,904,21
,478,125,31,321,348,5
Los Fresnos Cons ISD,41312,4151,334,36561,36764,397
,14113,775,97,13217,13251,87
Louise ISD,2414,1640,118,640,753,21
,614,350,31,229,257,7
Lovejoy ISD,12723,11142,311,624,913,668
,3766,3130,119,264,375,261
Lovelady ISD,5452,3302,1400,711,2104,46
,713,573,76,50,126,14
Lubbock ISD,187067,98486,19337,64389,82416,6165
,42811,14295,6456,21823,27473,1043
Lubbock-Cooper ISD,22352,16383,713,4696,5351,618
,6166,4174,164,1679,1807,185
Lueders-Avoca ISD,787,685,7,77,84,18
,158,142,3,13,16,0
Lufkin ISD,46482,24616,10564,10530,20873,993
,12381,4702,3197,4331,7410,269
Luling ISD,7583,3580,604,3394,3914,89
,1981,613,185,1230,1354,14
Lumberton ISD,19598,18170,111,981,1081,347
,5307,4770,55,386,436,101
Lyford Cons ISD,6335,588,55,5707,5722,25
,1976,127,33,1834,1840,9
Lytle ISD,6968,2123,102,4691,4760,85
,2074,430,42,1600,1625,19
Mabank ISD,19037,16859,342,1440,1771,407
,4389,3575,143,586,721,93
Madisonville Cons ISD,13498,7624,2967,2761,5668,206
,2981,1490,664,807,1434,57
Magnolia ISD,53729,41551,1340,9721,10976,1202
,15724,11011,448,3926,4338,375
Malakoff ISD,9490,7948,605,780,1377,165
,1709,1209,171,292,460,40
Malone ISD,542,405,52,91,136,1
,121,74,13,37,47,0
Malta ISD,667,610,9,33,42,15
,139,121,3,12,15,3
Manor ISD,35917,9558,8040,16281,23901,2458
,10930,1625,2646,6262,8685,620
Mansfield ISD,138523,73469,30462,24332,53986,11068
,44232,19652,11652,9723,20879,3701
Marathon ISD,535,319,1,210,210,6
,91,43,0,48,48,0
Marble Falls ISD,23406,17010,467,5573,5975,421
,5369,2938,211,2162,2334,97
Marfa ISD,2675,845,30,1780,1799,31
,578,100,19,460,472,6
Marion ISD,6986,4851,187,1815,1988,147
,1722,1000,65,642,697,25
Marlin ISD,9304,3630,3681,1981,5600,74
,1809,380,910,534,1411,18
Marshall ISD,33531,16835,11298,4984,16185,511
,8468,3226,2982,2167,5107,135
Mart ISD,3467,2318,744,370,1107,42
,1032,530,290,208,491,11
Martins Mill ISD,2129,1763,57,279,336,30
,610,464,18,119,137,9
Martinsville ISD,1181,969,72,133,197,15
,309,238,22,49,67,4
Mason ISD,4138,3192,28,883,907,39
,880,580,12,283,292,8
Matagorda ISD,1034,905,18,103,118,11
,144,107,4,34,37,0
Mathis ISD,8916,2290,109,6508,6582,44
,2382,301,37,2051,2071,10
Maud ISD,2252,2001,181,46,227,24
,597,524,49,20,69,4
May ISD,2149,1918,7,174,181,50
,393,317,3,64,67,9
Maypearl ISD,4608,3734,155,623,772,102
,1383,1053,55,249,300,30
McAllen ISD,119278,13409,1411,101614,102500,3369
,35857,2446,549,32207,32475,936
McCamey ISD,2247,910,55,1267,1305,32
,619,174,23,423,435,10
McDade ISD,1542,1079,33,419,436,27
,385,210,12,160,164,11
McGregor ISD,5949,3437,491,1977,2451,61
,1665,741,118,794,902,22
McKinney ISD,111014,72685,11664,21683,32851,5478
,34610,20192,4379,8437,12532,1886
McLean ISD,1177,1034,11,103,114,29
,271,218,8,41,49,4
McLeod ISD,855,805,34,6,40,10
,236,221,10,3,13,2
McMullen County ISD,707,432,8,261,269,6
,119,53,2,64,66,0
Meadow ISD,922,414,0,504,504,4
,264,106,0,156,156,2
Medina ISD,2101,1851,17,204,221,29
,437,324,12,94,106,7
Medina Valley ISD,19025,10263,356,8147,8453,309
,4822,2014,133,2618,2730,78
Melissa ISD,6344,5025,317,863,1163,156
,2053,1521,133,364,488,44
Memphis ISD,2862,1680,233,935,1159,23
,759,312,75,372,443,4
Menard ISD,2171,1372,14,774,783,16
,423,201,4,220,221,1
Mercedes ISD,20673,849,110,19739,19765,59
,7536,201,60,7305,7320,15
Meridian ISD,2597,1922,91,562,649,26
,638,368,32,237,265,5
Merkel ISD,6404,5299,127,874,992,113
,1569,1179,74,298,363,27
Mesquite ISD,167973,66957,37119,58149,94151,6865
,51483,12915,13940,23544,36812,1756
Mexia ISD,11516,5921,2916,2615,5480,115
,2915,992,863,1060,1896,27
Meyersville ISD,1194,1051,19,121,138,5
,265,215,5,43,48,2
Miami ISD,842,756,4,73,73,13
,212,183,3,27,27,2
Midland ISD,129658,67727,9931,49621,58807,3124
,35353,13651,3282,18083,20884,818
Midlothian ISD,32572,26077,1545,4277,5752,743
,9896,7307,578,1782,2315,274
Midway ISD (Clay),783,744,1,18,19,20
,138,128,0,4,4,6
Midway ISD (McLennan),40155,30505,3177,4784,7849,1801
,10254,6817,1146,1778,2855,582
Milano ISD,1762,1488,98,167,259,15
,423,304,43,78,116,3
Mildred ISD,2830,2455,115,203,316,59
,682,554,42,75,116,12
Miles ISD,1724,1202,10,491,501,21
,464,285,5,168,173,6
Milford ISD,1291,849,219,216,424,18
,352,195,78,81,151,6
Miller Grove ISD,1407,1188,10,183,193,26
,326,249,2,72,74,3
Millsap ISD,3946,3460,39,402,434,52
,875,693,22,155,174,8
Mineola ISD,9380,7350,607,1296,1896,134
,2158,1432,163,530,688,38
Mineral Wells ISD,19494,14234,708,4254,4921,339
,5242,3132,283,1776,2029,81
Mission Cons ISD,61472,5714,360,55272,55429,329
,20525,726,150,19663,19712,87
Monahans-Wickett-Pyote ISD,9697,4537,598,4529,5031,129
,2682,895,256,1570,1750,37
Montague ISD,584,531,7,37,44,9
,125,108,5,11,16,1
Monte Alto ISD,3380,260,10,3106,3111,9
,1269,71,7,1191,1194,4
Montgomery ISD,36499,31521,1260,2888,4100,878
,8741,7012,418,1085,1477,252
Moody ISD,4399,3462,192,699,883,54
,1088,782,52,248,294,12
Moran ISD,466,415,4,47,48,3
,92,74,3,16,16,2
Morgan ISD,968,719,4,231,234,15
,226,127,3,93,96,3
Morgan Mill ISD,930,866,3,48,51,13
,196,172,2,17,19,5
Morton ISD,2280,866,100,1301,1396,18
,690,167,23,498,519,4
Motley County ISD,1216,1018,24,163,187,11
,262,186,4,69,73,3
Moulton ISD,2146,1716,18,393,409,21
,450,311,1,135,135,4
Mount Calm ISD,771,608,46,107,152,11
,206,138,16,53,68,0
Mount Enterprise ISD,1765,1360,287,106,387,18
,349,251,50,48,95,3
Mount Pleasant ISD,24590,10499,2851,11018,13740,351
,7687,2085,873,4704,5506,96
Mount Vernon ISD,9127,7326,454,1175,1621,180
,2244,1537,164,490,651,56
Muenster ISD,2925,2766,6,101,107,52
,809,739,2,48,50,20
Muleshoe ISD,6864,2576,103,4160,4231,57
,2136,465,28,1641,1653,18
Mullin ISD,929,840,0,81,81,8
,223,187,0,35,35,1
Mumford ISD,206,89,42,73,115,2
,49,17,13,19,32,0
Munday Cons ISD,1870,1101,140,624,756,13
,494,194,59,242,296,4
Murchison ISD,855,738,11,103,114,3
,197,157,3,37,40,0
Nacogdoches ISD,46647,24916,10940,9780,20534,1197
,10521,3797,2781,3772,6469,255
Natalia ISD,5672,1933,92,3612,3661,78
,1516,336,43,1140,1155,25
Navarro ISD,6910,4160,192,2468,2614,136
,1956,1019,71,855,899,38
Navasota ISD,19324,10085,4052,5054,9039,200
,4345,1684,925,1733,2613,48
Nazareth ISD,738,662,3,70,73,3
,219,188,3,28,31,0
Neches ISD,1473,1252,126,81,207,14
,348,277,31,38,69,2
Nederland ISD,27029,21636,1252,2894,4081,1312
,6244,4427,471,987,1416,401
Needville ISD,13003,8175,655,4030,4645,183
,3586,1860,190,1502,1666,60
New Boston ISD,7597,5874,1286,286,1567,156
,1872,1300,418,124,539,33
New Braunfels ISD,44501,28273,877,14659,15393,835
,11591,6098,319,5023,5264,229
New Caney ISD,50152,32742,2192,13727,15773,1637
,13865,7317,702,5479,6102,446
New Deal ISD,3548,2396,58,1047,1099,53
,961,517,29,407,430,14
New Diana ISD,4304,3507,495,206,692,105
,1194,927,143,87,226,41
New Home ISD,794,518,1,272,273,3
,205,109,1,95,96,0
New Summerfield ISD,2011,760,184,1055,1229,22
,609,138,59,412,466,5
New Waverly ISD,4598,3379,783,362,1134,85
,1219,739,285,183,459,21
Newcastle ISD,1070,1007,10,43,53,10
,249,222,7,20,27,0
Newton ISD,7611,5117,2147,243,2381,113
,1810,1108,589,94,677,25
Nixon-Smiley Cons ISD,4957,2050,146,2753,2862,45
,1377,368,50,977,1000,9
Nocona ISD,4681,3907,43,667,699,75
,1127,817,27,268,289,21
Nordheim ISD,702,527,13,160,171,4
,128,88,3,39,40,0
Normangee ISD,3379,2995,171,154,322,62
,669,555,46,58,102,12
North East ISD,396404,182238,33740,165651,195752,18414
,100685,34364,11051,52350,61366,4955
North Hopkins ISD,2150,1700,59,358,416,34
,583,386,19,168,187,10
North Lamar ISD,16998,14677,913,774,1676,645
,4045,3216,314,322,627,202
North Zulch ISD,1809,1617,21,136,157,35
,439,366,12,50,62,11
Northside ISD (Bexar),516301,168888,39950,284974,319556,27857
,139540,31867,12785,91433,101091,6582
Northside ISD (Wilbarger),259,215,1,40,41,3
,58,42,0,16,16,0
Northwest ISD,75737,58307,3870,10391,14029,3401
,23544,16669,1549,4311,5716,1159
Nueces Canyon Cons ISD,1932,1394,15,491,501,37
,368,200,6,159,162,6
Nursery ISD,1537,1128,46,358,398,11
,340,222,18,100,113,5
O'Donnell ISD,1277,576,27,662,680,21
,386,135,11,234,242,9
Oakwood ISD,1256,775,403,68,468,13
,244,147,70,25,94,3
Odem-Edroy ISD,4882,1463,35,3377,3392,27
,1457,331,15,1116,1119,7
Oglesby ISD,1149,952,17,157,172,25
,270,192,10,63,72,6
Olfen ISD,110,85,0,25,25,0
,28,15,0,13,13,0
Olney ISD,4260,3325,102,761,858,77
,1018,669,34,301,332,17
Olton ISD,3193,1250,58,1865,1916,27
,948,216,26,701,722,10
Onalaska ISD,7173,6562,209,282,488,123
,1296,1109,62,101,163,24
Orange Grove ISD,7286,3483,65,3684,3723,80
,2097,866,34,1196,1211,20
Orangefield ISD,7726,7067,77,340,414,245
,2031,1765,37,150,186,80
Ore City ISD,4627,3669,434,408,839,119
,1154,830,110,176,284,40
Overton ISD,3362,2418,579,326,897,47
,773,570,134,72,199,4
Paducah ISD,1488,1026,142,316,450,12
,350,195,46,113,152,3
Paint Creek ISD,424,377,4,41,44,3
,72,54,1,17,18,0
Paint Rock ISD,672,540,5,115,119,13
,124,74,2,43,45,5
Palacios ISD,6825,2643,272,3361,3580,602
,1903,412,109,1228,1295,196
Palestine ISD,20240,11620,4287,4068,8247,373
,5181,2114,1306,1736,2967,100
Palmer ISD,5385,3810,143,1349,1475,100
,1605,949,52,572,617,39
Palo Pinto ISD,1072,962,14,80,94,16
,168,142,0,26,26,0
Pampa ISD,20728,13945,1199,5238,6377,406
,5170,2841,274,1999,2234,95
Panhandle ISD,3465,3021,38,346,384,60
,965,805,19,122,141,19
Panther Creek Cons ISD,1162,1010,3,132,135,17
,217,159,1,50,51,7
Paradise ISD,4840,4270,37,450,481,89
,1303,1092,15,173,183,28
Paris ISD,22119,13915,5746,1797,7445,759
,5454,2685,1805,830,2581,188
Pasadena ISD,242299,53970,19572,159938,177644,10685
,76042,8419,6903,59126,65015,2608
Patton Springs ISD,363,275,12,78,83,5
,70,34,5,34,34,2
Pawnee ISD,602,303,0,295,295,4
,114,44,0,70,70,0
Pearland ISD,93060,49409,13632,20142,33336,10315
,27771,12618,4642,7496,11878,3275
Pearsall ISD,11901,1737,177,9674,9773,391
,3034,299,44,2692,2709,26
Peaster ISD,4438,3886,63,402,461,91
,1287,1039,35,190,224,24
Pecos-Barstow-Toyah ISD,13516,2643,708,10026,10706,167
,3056,305,62,2660,2715,36
Penelope ISD,626,496,25,98,122,8
,164,122,9,32,40,2
Perrin-Whitt Cons ISD,2133,1893,5,206,211,29
,545,440,4,95,99,6
Perryton ISD,10118,4983,67,4957,4990,145
,3210,1098,36,2053,2072,40
Petersburg ISD,1431,564,33,840,865,2
,390,109,17,271,281,0
Petrolia Cons ISD,3008,2726,33,176,205,77
,711,602,15,75,87,22
Pettus ISD,1766,1013,15,715,730,23
,476,190,5,276,281,5
Pewitt Cons ISD,5784,4327,1036,322,1341,116
,1314,916,245,134,368,30
Pflugerville ISD,116574,49407,19250,36066,54117,13050
,33598,10467,6964,13339,19579,3552
Pharr-San Juan-Alamo ISD,121205,7657,686,112522,112778,770
,41895,747,325,40876,40966,182
Pilot Point ISD,8041,5967,230,1682,1902,172
,2119,1330,66,683,746,43
Pine Tree ISD,24937,16925,3195,4218,7326,686
,6607,3474,1255,1743,2939,194
Pittsburg ISD,12784,7619,2317,2689,4958,207
,3435,1527,683,1183,1838,70
Plains ISD,2033,953,6,1057,1062,18
,648,257,6,382,387,4
Plainview ISD,28985,10378,1923,16499,18237,370
,8308,1748,515,6065,6468,92
Plano ISD,324108,189523,29820,46126,74811,59774
,80960,39386,8879,15672,24008,17566
Pleasant Grove ISD,11867,9838,1086,517,1574,455
,2965,2251,390,190,563,151
Pleasanton ISD,17159,7523,142,9307,9418,218
,4725,1523,52,3122,3158,44
Plemons-Stinnett-Phillips Cons ISD,2773,2324,57,316,373,76
,709,559,19,117,136,14
Point Isabel ISD,15752,6022,130,9458,9523,207
,3832,658,38,3126,3138,36
Ponder ISD,5417,4577,123,594,705,135
,1535,1190,59,249,297,48
Poolville ISD,2960,2609,15,282,297,54
,753,620,6,111,117,16
Port Aransas ISD,3585,3168,19,282,297,120
,580,460,8,85,92,28
Port Arthur ISD,52259,11333,22051,16278,37949,2977
,14131,1274,6137,6114,12054,803
Port Neches-Groves ISD,26407,21407,925,3003,3872,1128
,6303,4574,344,1119,1427,302
Post ISD,6246,2829,435,2973,3371,46
,1225,488,103,639,721,16
Poteet ISD,8485,2128,84,6209,6252,105
,2462,444,32,1987,2000,18
Poth ISD,3754,2243,27,1476,1496,15
,981,474,15,493,501,6
Pottsboro ISD,8302,7669,57,279,333,300
,1584,1376,28,95,122,86
Prairie Lea ISD,1311,759,67,448,515,37
,346,157,24,153,177,12
Prairie Valley ISD,695,643,3,38,41,11
,141,113,2,22,24,4
Prairiland ISD,5908,5443,123,255,375,90
,1375,1211,42,103,144,20
Premont ISD,3636,553,16,3064,3069,14
,961,111,8,845,848,2
Presidio ISD,5143,291,39,4741,4764,88
,1686,73,21,1563,1576,37
Priddy ISD,401,356,3,40,43,2
,89,67,3,19,22,0
Princeton ISD,14532,10065,638,3502,4088,379
,4256,2422,269,1500,1740,94
Pringle-Morse Cons ISD,407,288,1,113,114,5
,115,68,1,44,45,2
Progreso ISD,7545,377,26,7157,7161,7
,2783,70,10,2709,2710,3
Prosper ISD,15950,12002,1293,2031,3264,684
,5429,3856,508,826,1298,275
Quanah ISD,3169,2291,221,621,826,52
,772,432,76,263,327,13
Queen City ISD,5196,4242,797,102,893,61
,1200,929,214,44,256,15
Quinlan ISD,17561,15260,184,1598,1773,528
,3932,3062,75,670,740,130
Quitman ISD,7881,6878,312,588,886,117
,1620,1250,89,263,344,26
Rains ISD,10527,9208,286,810,1088,231
,2281,1802,76,339,413,66
Ralls ISD,2334,987,57,1287,1333,14
,694,201,18,483,491,2
Ramirez CSD,341,36,1,303,304,1
,75,8,1,66,67,0
Randolph Field ISD,1241,827,172,188,339,75
,516,323,79,99,164,29
Ranger ISD,3047,2417,103,469,563,67
,692,510,19,160,172,10
Rankin ISD,1108,701,19,377,391,16
,296,174,6,114,117,5
Raymondville ISD,13612,1314,457,11743,12128,170
,3273,237,57,2994,3016,20
Reagan County ISD,3367,1219,94,2051,2125,23
,1010,212,28,769,790,8
Red Lick ISD,2460,2236,87,88,175,49
,637,565,19,38,57,15
Red Oak ISD,25273,16346,3375,5120,8431,496
,7269,3897,1173,2074,3202,170
Redwater ISD,5044,4612,241,115,353,79
,1376,1238,72,49,118,20
Refugio ISD,3929,1670,405,1853,2224,35
,981,290,128,585,685,6
Ricardo ISD,3849,1061,42,2716,2728,60
,1121,213,23,879,886,22
Rice Cons ISD,6843,2903,1323,2656,3890,50
,1790,493,423,917,1289,8
Rice ISD,2938,1713,120,1094,1203,22
,945,436,34,478,504,5
Richards ISD,1576,1341,135,82,216,19
,336,276,26,31,57,3
Richardson ISD,215695,104563,41209,51666,91742,19390
,53919,18648,12719,18776,30928,4343
Richland Springs ISD,939,810,20,100,111,18
,212,158,16,42,50,4
Riesel ISD,2265,1859,132,240,372,34
,580,441,39,89,128,11
Rio Grande City Cons ISD,36386,1350,68,34875,34892,144
,12437,408,31,11978,11984,45
Rio Hondo ISD,9845,1209,65,8564,8580,56
,3164,217,38,2927,2934,13
Rio Vista ISD,4018,3525,28,403,431,62
,1017,828,13,155,168,21
Rising Star ISD,1398,1246,18,132,136,16
,308,244,14,61,62,2
River Road ISD,7025,5975,101,830,914,136
,1782,1382,57,317,364,36
Rivercrest ISD,3785,3261,159,297,455,69
,834,652,41,121,161,21
Riviera ISD,1582,728,5,839,841,13
,354,111,2,241,241,2
Robert Lee ISD,1628,1265,5,327,331,32
,313,217,2,90,91,5
Robinson ISD,10496,8412,500,1433,1916,168
,2700,1975,162,532,679,46
Robstown ISD,15441,945,238,14292,14436,60
,4558,181,102,4327,4368,9
Roby Cons ISD,1430,1052,35,345,373,5
,354,225,12,123,129,0
Rochelle ISD,893,792,2,89,90,11
,182,143,2,33,34,5
Rockdale ISD,9023,5832,919,2237,3087,104
,2468,1211,353,929,1233,24
Rocksprings ISD,1632,626,12,986,996,10
,370,93,5,273,277,0
Rockwall ISD,63239,47633,3805,9302,12928,2678
,18633,12607,1461,3809,5167,859
Rogers ISD,3901,3036,112,693,798,67
,1025,707,40,262,298,20
Roma ISD,23556,1003,17,22541,22545,8
,7998,356,7,7639,7640,2
Roosevelt ISD,5498,3339,228,1857,2071,88
,1458,684,70,686,748,26
Ropes ISD,1243,805,12,416,427,11
,337,207,3,125,128,2
Roscoe Collegiate ISD,1866,1125,47,682,720,21
,437,218,23,200,215,4
Rosebud-Lott ISD,4928,3387,582,904,1459,82
,1162,668,163,326,476,18
Rotan ISD,1954,1230,115,590,690,34
,433,224,36,171,198,11
Round Rock ISD,231886,135631,20168,50558,69167,27088
,65224,31929,7189,18306,24587,8708
Round Top-Carmine ISD,1817,1628,61,123,179,10
,288,232,15,41,53,3
Royal ISD,10372,3164,2277,4912,7088,120
,3049,468,714,1901,2560,21
Royse City ISD,20222,14120,1301,4292,5542,560
,6462,4008,476,1805,2252,202
Rule ISD,899,646,32,215,242,11
,176,104,12,61,70,2
Runge ISD,1326,507,30,789,813,6
,369,111,9,252,258,0
Rusk ISD,12208,8596,2095,1391,3460,152
,2781,1880,443,442,866,35
S and S Cons ISD,5042,4575,41,272,305,162
,1235,1042,19,124,139,54
Sabinal ISD,2645,1148,19,1452,1466,31
,681,196,12,462,470,15
Sabine ISD,6615,5114,601,841,1428,73
,1708,1162,164,378,533,13
Sabine Pass ISD,396,354,21,16,37,5
,66,59,1,6,7,0
Saint Jo ISD,1746,1556,10,142,144,46
,414,343,6,57,57,14
Salado ISD,7270,6064,89,976,1051,155
,1654,1220,28,370,386,48
Saltillo ISD,1193,947,56,162,218,28
,312,231,20,56,76,5
Sam Rayburn ISD,2466,2252,35,106,141,73
,597,526,18,37,55,16
San Angelo ISD,94460,51919,5086,35826,40216,2325
,21973,8729,1510,11654,12722,522
San Antonio ISD,307514,36673,28102,242597,267601,3240
,81103,3784,7115,71316,76808,511
San Augustine ISD,5607,3155,1964,431,2391,61
,1219,518,512,175,685,16
San Benito Cons ISD,42769,2962,216,39565,39634,173
,15101,432,101,14603,14630,39
San Diego ISD,6922,499,110,6304,6392,31
,1846,95,16,1741,1748,3
San Elizario ISD,13860,147,30,13651,13661,52
,5103,34,16,5051,5056,13
San Felipe-Del Rio Cons ISD,48272,8157,923,38996,39620,495
,14446,1432,305,12733,12886,128
San Isidro ISD,1026,96,3,921,921,9
,243,11,0,230,230,2
San Marcos Cons ISD,64257,32598,3533,26723,29791,1868
,11243,3197,822,7151,7735,311
San Perlita ISD,959,276,4,677,677,6
,261,38,3,221,221,2
San Saba ISD,4537,2779,184,1530,1710,48
,921,448,5,461,462,11
San Vicente ISD,219,158,0,58,58,3
,38,15,0,21,21,2
Sands Consolidated ISD,697,438,13,244,256,3
,211,124,11,76,86,1
Sanford-Fritch ISD,5111,4596,45,336,376,139
,1196,990,29,148,172,34
Sanger ISD,12908,10399,373,1906,2249,260
,3574,2559,160,790,929,86
Santa Anna ISD,1747,1345,66,321,380,22
,395,258,21,116,133,4
Santa Fe ISD,24183,20123,317,3338,3628,432
,6022,4663,130,1128,1244,115
Santa Gertrudis ISD,30,14,0,15,15,1
,7,5,0,2,2,0
Santa Maria ISD,2549,77,13,2462,2467,5
,954,16,9,936,938,0
Santa Rosa ISD,5235,214,20,4999,5000,21
,1755,32,14,1719,1719,4
Santo ISD,3201,2894,9,259,262,45
,686,577,7,96,98,11
Savoy ISD,1864,1711,41,66,102,51
,405,346,21,28,46,13
Schertz-Cibolo-Universal City ISD,58437,33954,6565,15717,21784,2699
,16787,8327,2236,5718,7658,802
Schleicher ISD,3461,1872,55,1536,1572,17
,1103,564,26,518,535,4
Schulenburg ISD,5168,3658,549,958,1473,37
,1190,643,195,367,538,9
Scurry-Rosser ISD,4214,3605,190,322,510,99
,1097,891,53,138,190,16
Seagraves ISD,2776,933,151,1684,1826,17
,857,212,53,589,638,7
Sealy ISD,13101,7629,1362,4018,5311,161
,3542,1568,442,1537,1934,40
Seguin ISD,42985,20600,2789,19373,21811,574
,10558,3451,812,6384,6981,126
Seminole ISD,14399,9491,185,4593,4734,174
,5148,3298,83,1728,1786,64
Seymour ISD,3798,3199,99,475,562,37
,786,575,36,180,208,3
Shallowater ISD,5445,3940,62,1404,1452,53
,1655,1046,30,574,596,13
Shamrock ISD,2437,1804,127,467,587,46
,580,325,51,202,249,6
Sharyland ISD,39935,6672,405,31621,31910,1353
,13311,1263,179,11481,11589,459
Shelbyville ISD,3536,2543,756,213,966,27
,829,540,197,90,286,3
Sheldon ISD,30401,6462,7203,16395,23337,602
,10617,1242,2571,6776,9203,172
Shepherd ISD,9172,6724,788,1513,2245,203
,2603,1718,212,646,835,50
Sherman ISD,41322,26869,4961,7957,12742,1711
,10281,5163,1607,3174,4680,438
Shiner ISD,3910,3335,279,275,534,41
,889,696,95,103,182,11
Sidney ISD,587,504,1,68,69,14
,130,98,0,27,27,5
Sierra Blanca ISD,613,150,19,433,450,13
,168,16,1,148,149,3
Silsbee ISD,16892,13574,2413,699,3104,214
,4352,3247,760,297,1052,53
Silverton ISD,1100,789,21,283,303,8
,243,135,8,97,104,4
Simms ISD,5689,3464,1246,897,2128,97
,720,663,10,19,29,28
Sinton ISD,9354,2690,198,6447,6598,66
,2636,493,71,2085,2127,16
Sivells Bend ISD,533,496,0,30,30,7
,97,84,0,12,12,1
Skidmore-Tynan ISD,2880,1189,41,1629,1659,32
,789,234,16,543,551,4
Slaton ISD,7743,3833,461,3425,3825,85
,2095,689,160,1271,1391,15
Slidell ISD,1915,1607,8,258,266,42
,466,358,3,96,99,9
Slocum ISD,2073,1910,57,79,132,31
,442,393,14,31,42,7
Smithville ISD,10748,8108,800,1643,2405,235
,2423,1560,250,595,817,46
Smyer ISD,1666,1077,38,530,563,26
,439,219,23,197,215,5
Snook ISD,2986,1896,607,462,1055,35
,733,387,194,151,336,10
Snyder ISD,15627,8778,891,5875,6689,160
,3921,1650,209,2082,2229,42
Socorro ISD,179766,13252,4985,160191,164040,2474
,60858,2948,1847,55960,57142,768
Somerset ISD,15053,3322,211,11440,11573,158
,4781,658,103,4044,4092,31
Somerville ISD,4008,2812,562,591,1138,58
,763,420,160,182,332,11
Sonora ISD,4128,1639,38,2459,2470,19
,1134,339,17,786,791,4
South San Antonio ISD,44855,3125,1144,40608,41419,311
,14109,519,423,13311,13541,49
Southland ISD,289,177,8,104,112,0
,68,36,2,30,32,0
Southside ISD,23246,4178,506,18453,18783,285
,7449,888,198,6403,6510,51
Southwest ISD,51570,6907,2336,41930,43844,819
,17099,1320,758,15066,15569,210
Spearman ISD,3791,2004,32,1716,1734,53
,1140,426,13,690,697,17
Splendora ISD,14315,11400,245,2449,2665,250
,4134,2953,86,1045,1119,62
Spring Branch ISD,172268,76953,8814,74646,82398,12917
,47024,15471,3001,25799,28330,3223
Spring Creek ISD,157,145,2,9,11,1
,44,40,1,3,4,0
Spring Hill ISD,8628,6821,844,713,1531,276
,2692,1955,371,284,637,100
Spring ISD,167108,43109,58442,57176,113742,10257
,51134,8122,20269,20991,40280,2732
Springlake-Earth ISD,1714,735,51,916,966,13
,529,154,26,345,370,5
Springtown ISD,18773,16390,155,1803,1929,454
,4865,3964,71,724,783,118
Spur ISD,2083,1317,95,630,718,48
,422,227,7,180,184,11
Spurger ISD,2188,2069,36,56,91,28
,520,475,9,26,35,10
Stafford MSD,17734,3976,5048,4623,9484,4274
,4400,548,1545,1543,2987,865
Stamford ISD,3429,2036,315,1062,1355,38
,823,332,118,380,484,7
Stanton ISD,3806,1913,89,1778,1849,44
,1123,447,39,632,663,13
Stephenville ISD,24507,19579,456,3988,4416,512
,5006,3377,99,1433,1522,107
Sterling City ISD,1143,733,22,365,386,24
,279,154,8,107,115,10
Stockdale ISD,4325,2839,61,1391,1440,46
,1095,583,24,482,498,14
Stratford ISD,2494,1368,11,1096,1104,22
,757,285,1,466,467,5
Strawn ISD,791,591,4,180,184,16
,205,130,2,69,71,4
Sudan ISD,1503,862,53,575,626,15
,454,195,25,231,255,4
Sulphur Bluff ISD,1164,1031,27,90,112,21
,263,215,12,32,40,8
Sulphur Springs ISD,23084,16829,2436,3449,5839,416
,5846,3600,753,1383,2111,135
Sundown ISD,1596,867,27,690,715,14
,506,216,16,272,287,3
Sunnyvale ISD,5131,3189,337,448,770,1172
,1358,696,123,150,264,398
Sunray ISD,2116,1138,8,928,935,43
,661,260,5,386,391,10
Sweeny ISD,10076,6952,1560,1442,2957,167
,2531,1531,450,519,947,53
Sweet Home ISD,781,702,24,56,77,2
,184,149,11,26,34,1
Sweetwater ISD,12696,7487,788,4348,5061,148
,3310,1466,313,1552,1810,34
Taft ISD,5120,1018,113,3981,4058,44
,1559,168,42,1357,1376,15
Tahoka ISD,3042,1427,114,1479,1584,31
,856,295,37,519,548,13
Tarkington ISD,8659,8030,141,379,520,109
,2385,2167,41,150,191,27
Tatum ISD,5881,3870,982,969,1928,83
,1454,804,239,396,624,26
Taylor ISD,16408,7864,1732,6714,8253,291
,4413,1445,596,2416,2879,89
Teague ISD,7220,4640,1249,1289,2520,60
,1576,933,243,402,636,7
Temple ISD,55204,29349,11023,13686,24152,1703
,13875,4951,3724,5150,8522,402
Tenaha ISD,2313,1357,527,414,922,34
,640,285,185,168,341,14
Terlingua CSD,780,507,7,247,251,22
,159,47,4,107,109,3
Terrell County ISD,984,495,9,467,475,14
,218,88,3,124,127,3
Terrell ISD,24885,13920,5068,5492,10468,497
,6399,2600,1461,2267,3677,122
Texarkana ISD,31638,15785,12869,2466,15161,692
,8144,2872,4267,914,5079,193
Texas City ISD,55040,22794,17666,14073,31268,978
,13996,3850,5320,4925,9927,219
Texhoma ISD,542,379,5,147,152,11
,157,102,3,47,50,5
Texline ISD,962,650,0,277,277,35
,298,165,0,119,119,14
Thorndale ISD,2971,2346,129,485,604,21
,750,517,43,189,228,5
Thrall ISD,3158,2408,96,631,722,28
,830,552,30,237,265,13
Three Rivers ISD,4269,2106,475,1642,2078,85
,830,377,11,443,449,4
Three Way ISD,555,429,0,112,112,14
,129,77,0,50,50,2
Throckmorton Collegiate ISD,1165,1049,3,95,98,18
,259,215,2,37,39,5
Tidehaven ISD,4070,2360,200,1476,1669,41
,1083,487,65,532,591,5
Timpson ISD,3906,2889,656,336,979,38
,1007,682,190,138,321,4
Tioga ISD,1288,1101,15,138,153,34
,306,234,10,55,65,7
Tolar ISD,2611,2449,8,109,117,45
,706,644,7,42,49,13
Tom Bean ISD,4245,3890,51,177,220,135
,1072,933,29,72,98,41
Tomball ISD,55556,39663,2901,9869,12627,3266
,15202,9556,986,3695,4602,1044
Tornillo ISD,3717,76,16,3637,3641,0
,1515,15,11,1497,1500,0
Trent ISD,736,637,11,76,87,12
,168,131,2,30,32,5
Trenton ISD,3122,2658,66,332,390,74
,837,664,22,129,144,29
Trinidad ISD,891,676,149,48,196,19
,205,131,47,21,67,7
Trinity ISD,8000,6102,993,783,1775,123
,1705,1070,297,311,608,27
Troup ISD,5001,3939,611,388,990,72
,1316,966,187,153,334,16
Troy ISD,5977,4648,150,1076,1214,115
,1581,1112,48,387,431,38
Tulia ISD,5817,2804,569,2404,2940,73
,1533,526,159,848,984,23
Tuloso-Midway ISD,12480,4757,294,7339,7547,176
,3706,989,122,2620,2689,28
Turkey-Quitaque ISD,1062,719,50,287,328,15
,243,126,12,104,110,7
Tyler ISD,118228,59925,28765,27372,55646,2657
,30139,10425,8231,11008,18970,744
Union Grove ISD,2873,2672,35,110,145,56
,753,665,20,49,69,19
Union Hill ISD,1945,1535,263,127,385,25
,436,311,63,62,123,2
United ISD,156720,6300,1011,148586,149042,1378
,56803,1591,392,54734,54863,349
Utopia ISD,1387,1222,5,140,145,20
,221,174,3,41,44,3
Uvalde Cons ISD,22957,5321,208,17264,17382,254
,6873,912,84,5836,5882,79
Valentine ISD,318,196,2,119,121,1
,47,18,0,29,29,0
Valley Mills ISD,3386,2840,101,413,508,38
,847,634,35,169,201,12
Valley View ISD (Cooke),3144,2727,12,339,351,66
,759,596,4,134,138,25
Valley View ISD (Hidalgo),14509,129,71,14349,14361,19
,5776,51,34,5715,5721,4
Van Alstyne ISD,7045,6174,206,508,709,162
,1842,1520,73,194,265,57
Van ISD,13592,11580,426,1360,1772,240
,3344,2585,138,575,707,52
Van Vleck ISD,4945,3314,766,818,1570,61
,1068,606,181,274,447,15
Vega ISD,1156,1017,15,105,119,20
,307,262,12,30,41,4
Venus ISD,9565,5397,547,3287,3811,357
,2605,1308,96,1120,1205,92
Veribest ISD,1150,819,0,315,315,16
,277,163,0,109,109,5
Vernon ISD,12955,8081,1177,3450,4570,304
,3347,1615,389,1317,1660,72
Victoria ISD,79038,37582,5820,34662,39969,1487
,20988,7094,1998,11819,13463,431
Vidor ISD,25473,23707,54,1189,1239,527
,6554,5912,25,458,482,160
Vysehrad ISD,751,670,43,37,80,1
,177,151,14,12,26,0
Waco ISD,102757,41585,24791,34953,58760,2412
,24756,4629,7595,12827,19836,291
Waelder ISD,2022,663,214,1142,1344,15
,471,84,54,344,386,1
Walcott ISD,143,100,0,41,41,2
,37,16,0,20,20,1
Wall ISD,4157,3141,26,940,964,52
,1157,849,18,278,294,14
Waller ISD,32127,16000,7236,8510,15611,516
,7837,3449,965,3331,4252,136
Walnut Bend ISD,162,125,5,18,23,14
,50,29,5,11,16,5
Walnut Springs ISD,1298,934,13,333,343,21
,324,189,8,126,132,3
Warren ISD,6113,5699,153,155,307,107
,1354,1224,51,54,105,25
Waskom ISD,4355,2879,805,631,1427,49
,1094,599,227,257,483,12
Water Valley ISD,1862,1492,91,267,347,23
,392,304,9,76,84,4
Waxahachie ISD,41200,26886,4480,9313,13609,705
,11379,6144,1487,3651,5011,224
Weatherford ISD,47217,39463,915,5781,6644,1110
,11569,8646,348,2298,2608,315
Webb Cons ISD,1323,82,12,1233,1236,5
,409,6,5,402,403,0
Weimar ISD,4500,3078,520,886,1373,49
,956,455,157,360,488,13
Wellington ISD,3008,1901,168,908,1039,68
,837,393,60,392,425,19
Wellman-Union Cons ISD,635,393,3,236,239,3
,171,85,1,84,85,1
Wells ISD,1863,1500,235,113,347,16
,495,379,74,39,112,4
Weslaco ISD,67702,6534,413,60467,60612,556
,22905,711,190,21984,22035,159
West Hardin County Cons ISD,3643,3504,5,85,90,49
,902,870,2,14,16,16
West ISD,7992,6926,214,761,969,97
,1991,1588,71,321,387,16
West Orange-Cove Cons ISD,17410,10042,5890,1163,7018,350
,3880,1577,1850,388,2224,79
West Oso ISD,9209,770,1046,7417,8358,81
,2605,137,291,2224,2445,23
West Rusk County Cons ISD,5689,4042,654,908,1555,92
,1479,925,179,354,530,24
West Sabine ISD,2711,2358,240,93,325,28
,726,606,83,37,114,6
Westbrook ISD,900,759,11,120,129,12
,197,148,6,39,44,5
Westhoff ISD,483,377,10,88,93,13
,72,41,5,26,26,5
Westphalia ISD,376,329,16,24,40,7
,72,55,9,6,15,2
Westwood ISD,14923,8169,3933,2644,6550,204
,2396,1388,476,480,943,65
Wharton ISD,13007,5113,3107,4757,7759,135
,3278,850,845,1617,2388,40
Wheeler ISD,2114,1295,13,782,795,24
,586,244,7,331,338,4
White Deer ISD,1648,1497,6,98,104,47
,382,326,4,37,41,15
White Oak ISD,6596,5954,265,276,532,110
,1878,1654,91,111,194,30
White Settlement ISD,31459,21410,2149,6772,8790,1259
,8703,5005,765,2702,3381,317
Whiteface Cons ISD,932,528,43,368,393,11
,254,112,19,134,141,1
Whitehouse ISD,24869,19928,2377,1721,4056,885
,7086,5246,842,715,1532,308
Whitesboro ISD,9466,8600,52,581,628,238
,2056,1729,30,234,262,65
Whitewright ISD,3657,3144,206,234,435,78
,907,742,64,82,141,24
Whitharral ISD,473,304,7,156,162,7
,128,73,5,49,53,2
Whitney ISD,9739,8508,281,839,1099,132
,2046,1589,128,323,439,18
Wichita Falls ISD,87802,56753,11204,16883,27449,3600
,21373,10839,3616,6416,9619,915
Wildorado ISD,349,291,7,47,54,4
,91,74,4,13,17,0
Willis ISD,36383,26363,2287,7099,9275,745
,9452,5524,846,2926,3709,219
Wills Point ISD,13716,11213,857,1351,2193,310
,3347,2442,244,575,811,94
Wilson ISD,889,484,5,394,397,8
,230,91,3,133,134,5
Wimberley ISD,13166,11367,67,1489,1547,252
,2611,1975,20,546,563,73
Windthorst ISD,1529,1235,4,265,269,25
,466,355,4,99,103,8
Wink-Loving ISD,1084,757,17,300,313,14
,315,193,9,113,119,3
Winnsboro ISD,8812,7669,253,751,1003,140
,1935,1555,67,278,344,36
Winona ISD,5635,4016,987,567,1545,74
,1360,839,285,227,511,10
Winters ISD,3461,2144,96,1222,1289,28
,863,368,38,470,489,6
Woden ISD,3064,2455,164,408,566,43
,885,613,82,178,257,15
Wolfe City ISD,3068,2542,255,212,462,64
,741,573,78,79,156,12
Woodsboro ISD,2757,1457,117,1162,1253,47
,650,278,40,336,360,12
Woodson ISD,508,436,9,57,64,8
,107,82,5,21,24,1
Woodville ISD,11180,7610,2234,1222,3440,130
,1921,1335,422,136,552,34
Wortham ISD,2125,1661,293,159,445,19
,549,387,95,65,156,6
Wylie ISD (Collin),56567,35393,6829,8995,15588,5586
,18520,10337,2784,3695,6334,1849
Wylie ISD (Taylor),17733,14821,592,1755,2260,652
,4814,3669,275,716,934,211
Yantis ISD,3396,2977,25,350,375,44
,537,392,7,130,137,8
Yoakum ISD,8697,5008,736,2948,3618,71
,2324,936,264,1144,1360,28
Yorktown ISD,3514,2312,80,1115,1178,24
,763,402,28,339,355,6
Ysleta ISD,193091,18800,5893,167843,172050,2241
,54421,2850,2074,49945,51076,495
Zapata County ISD,14018,861,26,13084,13097,60
,4805,113,10,4673,4677,15
Zavalla ISD,2975,2861,17,61,77,37
,615,575,8,24,31,9
Zephyr ISD,814,747,5,51,56,11
,184,156,3,20,23,5
