"","PTY","DISTRICT_N","VOTES"
"1","D",1902,0
"2","I",1902,94
"3","R",1902,1083
"4","D",1903,22
"5","I",1903,221
"6","R",1903,2069
"7","I",1904,146
"8","R",1904,1415
"9","I",1906,86
"10","R",1906,714
"11","I",1907,975
"12","R",1907,4992
"13","D",1908,0
"14","I",1908,331
"15","R",1908,2151
"16","D",1909,0
"17","I",1909,122
"18","R",1909,1233
"19","D",2901,0
"20","I",2901,383
"21","R",2901,4143
"22","D",3902,501
"23","I",3902,66
"24","R",3902,2619
"25","D",3903,4547
"26","I",3903,260
"27","R",3903,9378
"28","D",3904,341
"29","I",3904,52
"30","R",3904,3139
"31","D",3905,688
"32","I",3905,51
"33","R",3905,1657
"34","D",3906,137
"35","I",3906,18
"36","R",3906,972
"37","D",3907,535
"38","I",3907,72
"39","R",3907,2924
"40","D",4901,2221
"41","R",4901,6915
"42","I",5901,91
"43","R",5901,1298
"44","I",5902,146
"45","R",5902,1785
"46","I",5904,18
"47","R",5904,393
"48","I",6902,87
"49","R",6902,813
"50","D",7901,395
"51","I",7901,15
"52","R",7901,330
"53","D",7902,1172
"54","I",7902,46
"55","R",7902,1450
"56","D",7904,790
"57","I",7904,48
"58","R",7904,1078
"59","D",7905,2237
"60","I",7905,93
"61","R",7905,2908
"62","D",7906,1358
"63","I",7906,49
"64","R",7906,1061
"65","D",8901,784
"66","I",8901,143
"67","R",8901,5212
"68","D",8902,978
"69","I",8902,133
"70","R",8902,4053
"71","D",8903,345
"72","I",8903,15
"73","R",8903,1156
"74","I",9901,67
"75","R",9901,1048
"76","D",10901,217
"77","I",10901,95
"78","R",10901,1345
"79","D",10902,1262
"80","I",10902,441
"81","R",10902,6494
"82","D",11901,6468
"83","I",11901,457
"84","R",11901,10209
"85","D",11902,2585
"86","I",11902,307
"87","R",11902,3185
"88","D",11904,1494
"89","I",11904,129
"90","R",11904,3363
"91","D",11905,190
"92","I",11905,42
"93","R",11905,454
"94","I",12901,96
"95","R",12901,1270
"96","D",13901,2585
"97","I",13901,0
"98","R",13901,2618
"99","D",13902,131
"100","I",13902,4
"101","R",13902,333
"102","D",13903,352
"103","I",13903,4
"104","R",13903,868
"105","D",13905,650
"106","I",13905,0
"107","R",13905,971
"108","D",14901,426
"109","I",14901,96
"110","R",14901,1853
"111","D",14902,228
"112","I",14902,31
"113","R",14902,652
"114","D",14903,4132
"115","I",14903,868
"116","R",14903,14308
"117","D",14905,173
"118","I",14905,50
"119","R",14905,974
"120","D",14906,21750
"121","I",14906,1891
"122","R",14906,21398
"123","D",14907,222
"124","I",14907,64
"125","R",14907,1314
"126","D",14908,637
"127","I",14908,160
"128","R",14908,3043
"129","D",14909,5104
"130","I",14909,619
"131","R",14909,8960
"132","D",14910,691
"133","I",14910,140
"134","R",14910,2681
"135","D",15901,5443
"136","I",15901,757
"137","R",15901,8551
"138","D",15904,10607
"139","I",15904,946
"140","R",15904,1332
"141","D",15905,9847
"142","I",15905,704
"143","R",15905,19
"144","D",15906,84
"145","I",15906,20
"146","R",15906,201
"147","D",15907,57315
"148","I",15907,4927
"149","R",15907,10206
"150","D",15908,7966
"151","I",15908,830
"152","R",15908,647
"153","D",15909,1565
"154","I",15909,186
"155","R",15909,1499
"156","D",15910,63931
"157","I",15910,9688
"158","R",15910,81686
"159","D",15911,7964
"160","I",15911,659
"161","R",15911,7486
"162","D",15912,6843
"163","I",15912,976
"164","R",15912,2819
"165","D",15913,116
"166","I",15913,85
"167","R",15913,32
"168","D",15914,340
"169","I",15914,77
"170","R",15914,406
"171","D",15915,114485
"172","I",15915,33319
"173","R",15915,25108
"174","D",15916,21933
"175","I",15916,1506
"176","R",15916,16365
"177","D",15917,3009
"178","I",15917,330
"179","R",15917,2110
"180","D",16901,800
"181","I",16901,169
"182","R",16901,2483
"183","D",16902,981
"184","I",16902,285
"185","R",16902,3756
"186","I",17901,14
"187","R",17901,338
"188","D",18901,399
"189","I",18901,54
"190","R",18901,1953
"191","D",18902,199
"192","I",18902,29
"193","R",18902,1034
"194","D",18903,58
"195","I",18903,6
"196","R",18903,277
"197","D",18904,277
"198","I",18904,41
"199","R",18904,1495
"200","D",18905,92
"201","I",18905,9
"202","R",18905,347
"203","D",18906,79
"204","I",18906,12
"205","R",18906,470
"206","D",18907,176
"207","I",18907,18
"208","R",18907,732
"209","D",18908,85
"210","I",18908,10
"211","R",18908,486
"212","I",19901,158
"213","R",19901,1671
"214","I",19902,231
"215","R",19902,1862
"216","I",19903,38
"217","R",19903,430
"218","I",19905,266
"219","R",19905,1971
"220","I",19906,183
"221","R",19906,2078
"222","I",19907,1742
"223","R",19907,6358
"224","I",19908,829
"225","R",19908,3880
"226","I",19909,149
"227","R",19909,1908
"228","I",19910,12
"229","R",19910,188
"230","I",19911,84
"231","R",19911,680
"232","I",19912,575
"233","R",19912,4404
"234","I",19913,14
"235","R",19913,184
"236","I",19914,41
"237","R",19914,455
"238","D",20901,15006
"239","R",20901,21913
"240","D",20902,4110
"241","R",20902,10606
"242","D",20904,202
"243","R",20904,1234
"244","D",20905,5169
"245","R",20905,12617
"246","D",20906,948
"247","R",20906,2870
"248","D",20907,1694
"249","R",20907,6314
"250","D",20908,13998
"251","I",20908,0
"252","R",20908,23082
"253","D",20910,36
"254","R",20910,287
"255","D",21901,10043
"256","I",21901,1732
"257","R",21901,23060
"258","D",21902,9187
"259","I",21902,1268
"260","R",21902,19117
"261","D",22004,163
"262","I",22004,15
"263","R",22004,118
"264","D",22901,1792
"265","I",22901,92
"266","R",22901,1479
"267","D",22902,239
"268","I",22902,16
"269","R",22902,290
"270","D",22903,50
"271","I",22903,3
"272","R",22903,29
"273","I",23902,32
"274","R",23902,435
"275","D",24901,1972
"276","I",24901,128
"277","R",24901,396
"278","I",25901,132
"279","R",25901,2285
"280","I",25902,356
"281","R",25902,4020
"282","I",25904,40
"283","R",25904,610
"284","I",25905,61
"285","R",25905,871
"286","I",25906,41
"287","R",25906,548
"288","I",25908,82
"289","R",25908,1295
"290","I",25909,152
"291","R",25909,2227
"292","D",26901,727
"293","I",26901,88
"294","R",26901,3256
"295","D",26902,261
"296","I",26902,24
"297","R",26902,987
"298","D",26903,393
"299","I",26903,26
"300","R",26903,1160
"301","D",27903,1817
"302","I",27903,449
"303","R",27903,8429
"304","D",27904,2537
"305","I",27904,385
"306","R",27904,8348
"307","D",28902,3876
"308","I",28902,131
"309","R",28902,4278
"310","D",28903,625
"311","I",28903,8
"312","R",28903,1346
"313","D",28906,243
"314","I",28906,9
"315","R",28906,336
"316","D",29901,2140
"317","R",29901,4613
"318","I",30901,85
"319","R",30901,1369
"320","I",30902,143
"321","R",30902,1828
"322","I",30903,119
"323","R",30903,1692
"324","I",30906,195
"325","R",30906,2038
"326","D",31901,30276
"327","R",31901,8762
"328","D",31903,11083
"329","R",31903,8167
"330","D",31905,2388
"331","I",31905,0
"332","R",31905,1524
"333","D",31906,7836
"334","R",31906,4134
"335","D",31909,2083
"336","R",31909,1528
"337","D",31911,1413
"338","R",31911,1024
"339","D",31912,5623
"340","R",31912,2579
"341","D",31913,454
"342","I",31913,0
"343","R",31913,127
"344","D",31914,530
"345","I",31914,0
"346","R",31914,177
"347","D",32902,4
"348","I",32902,592
"349","R",32902,3503
"350","I",33901,37
"351","R",33901,396
"352","I",33902,120
"353","R",33902,1584
"354","I",33904,96
"355","R",33904,758
"356","I",34901,334
"357","R",34901,3469
"358","I",34902,63
"359","R",34902,533
"360","I",34903,186
"361","R",34903,1434
"362","I",34905,199
"363","R",34905,1785
"364","I",34906,12
"365","R",34906,262
"366","I",34907,141
"367","R",34907,1473
"368","I",34909,49
"369","R",34909,688
"370","I",35901,137
"371","R",35901,914
"372","I",35902,43
"373","R",35902,177
"374","I",35903,4
"375","R",35903,191
"376","D",36901,0
"377","I",36901,333
"378","R",36901,3616
"379","D",36902,0
"380","I",36902,454
"381","R",36902,6798
"382","D",36903,0
"383","I",36903,102
"384","R",36903,1381
"385","D",37901,0
"386","I",37901,136
"387","R",37901,1076
"388","I",37904,856
"389","R",37904,6099
"390","D",37907,15
"391","I",37907,375
"392","R",37907,3254
"393","D",37908,0
"394","I",37908,69
"395","R",37908,370
"396","D",37909,8
"397","I",37909,54
"398","R",37909,465
"399","I",38901,90
"400","R",38901,1593
"401","I",39902,168
"402","R",39902,1992
"403","I",39903,99
"404","R",39903,1256
"405","I",39904,21
"406","R",39904,415
"407","I",39905,34
"408","R",39905,643
"409","I",40901,53
"410","R",40901,394
"411","I",40902,75
"412","R",40902,635
"413","I",41901,47
"414","R",41901,711
"415","I",41902,30
"416","R",41902,540
"417","I",42901,73
"418","R",42901,1325
"419","I",42903,59
"420","R",42903,686
"421","I",42905,88
"422","R",42905,1254
"423","D",43901,13873
"424","I",43901,1638
"425","R",43901,23316
"426","D",43902,481
"427","I",43902,492
"428","R",43902,3422
"429","D",43903,250
"430","I",43903,402
"431","R",43903,4033
"432","D",43904,122
"433","I",43904,270
"434","R",43904,2617
"435","D",43905,28116
"436","I",43905,2957
"437","R",43905,48044
"438","D",43907,14713
"439","I",43907,2131
"440","R",43907,34140
"441","D",43908,699
"442","I",43908,164
"443","R",43908,2775
"444","D",43910,50694
"445","I",43910,5872
"446","R",43910,75839
"447","D",43911,1017
"448","I",43911,212
"449","R",43911,3521
"450","D",43912,4021
"451","I",43912,669
"452","R",43912,12349
"453","D",43914,1355
"454","I",43914,3726
"455","R",43914,15786
"456","D",43917,62
"457","I",43917,75
"458","R",43917,1054
"459","D",43918,64
"460","I",43918,561
"461","R",43918,3801
"462","D",43919,947
"463","I",43919,197
"464","R",43919,3944
"465","I",44902,66
"466","R",44902,1140
"467","D",45902,759
"468","I",45902,95
"469","R",45902,3407
"470","D",45903,698
"471","I",45903,52
"472","R",45903,1636
"473","D",45905,336
"474","I",45905,44
"475","R",45905,1391
"476","D",46901,4165
"477","I",46901,811
"478","R",46901,11763
"479","D",46902,12174
"480","I",46902,2607
"481","R",46902,42829
"482","I",47901,173
"483","R",47901,2090
"484","I",47902,115
"485","R",47902,1258
"486","D",47903,0
"487","I",47903,27
"488","R",47903,294
"489","I",47905,23
"490","R",47905,245
"491","D",48901,0
"492","I",48901,30
"493","R",48901,463
"494","I",48903,24
"495","R",48903,333
"496","I",49901,578
"497","R",49901,4151
"498","I",49902,75
"499","R",49902,1584
"500","D",49903,0
"501","I",49903,106
"502","R",49903,1116
"503","I",49905,260
"504","R",49905,3140
"505","D",49906,6
"506","I",49906,68
"507","R",49906,894
"508","I",49907,84
"509","R",49907,745
"510","I",49908,10
"511","R",49908,156
"512","I",49909,18
"513","R",49909,302
"514","D",50901,149
"515","I",50901,25
"516","R",50901,811
"517","D",50902,1147
"518","I",50902,188
"519","R",50902,4762
"520","D",50904,121
"521","I",50904,18
"522","R",50904,527
"523","D",50909,95
"524","I",50909,21
"525","R",50909,689
"526","D",50910,2568
"527","I",50910,353
"528","R",50910,4586
"529","I",51901,41
"530","R",51901,459
"531","D",52901,313
"532","I",52901,38
"533","R",52901,1000
"534","D",53001,462
"535","I",53001,28
"536","R",53001,875
"537","I",54901,63
"538","R",54901,565
"539","I",54902,63
"540","R",54902,525
"541","I",54903,54
"542","R",54903,510
"543","D",55901,525
"544","I",55901,25
"545","R",55901,301
"546","I",56901,147
"547","R",56901,2064
"548","I",56902,19
"549","R",56902,264
"550","D",57903,26289
"551","I",57903,2753
"552","R",57903,25246
"553","D",57904,14478
"554","I",57904,617
"555","R",57904,5236
"556","D",57905,133304
"557","I",57905,36186
"558","R",57905,98047
"559","D",57906,20202
"560","I",57906,470
"561","R",57906,3364
"562","D",57907,15985
"563","I",57907,781
"564","R",57907,7110
"565","D",57909,0
"566","I",57909,19592
"567","R",57909,49927
"568","D",57910,16598
"569","I",57910,701
"570","R",57910,11591
"571","I",57911,2341
"572","R",57911,14258
"573","D",57912,19631
"574","I",57912,886
"575","R",57912,15695
"576","D",57913,12168
"577","I",57913,324
"578","R",57913,1634
"579","D",57914,66
"580","I",57914,11381
"581","R",57914,22443
"582","D",57916,69
"583","I",57916,21099
"584","R",57916,45517
"585","I",57919,431
"586","R",57919,2358
"587","D",57922,6889
"588","I",57922,689
"589","R",57922,10970
"590","I",58902,7
"591","R",58902,93
"592","I",58905,104
"593","R",58905,1227
"594","I",58906,125
"595","R",58906,1412
"596","I",58909,9
"597","R",58909,220
"598","I",59901,163
"599","R",59901,1411
"600","I",59902,138
"601","R",59902,1463
"602","I",60902,149
"603","R",60902,1699
"604","I",60914,42
"605","R",60914,416
"606","D",61901,24601
"607","I",61901,3222
"608","R",61901,37956
"609","D",61902,36361
"610","I",61902,4398
"611","R",61902,69416
"612","D",61903,946
"613","I",61903,184
"614","R",61903,3727
"615","D",61905,588
"616","I",61905,127
"617","R",61905,2945
"618","D",61906,479
"619","I",61906,127
"620","R",61906,2653
"621","D",61907,1621
"622","I",61907,243
"623","R",61907,4360
"624","D",61908,930
"625","I",61908,191
"626","R",61908,4269
"627","D",61910,730
"628","I",61910,166
"629","R",61910,4230
"630","D",61911,8678
"631","I",61911,1568
"632","R",61911,30692
"633","D",61912,1980
"634","I",61912,341
"635","R",61912,5769
"636","D",61914,5230
"637","I",61914,639
"638","R",61914,9168
"639","D",62901,564
"640","R",62901,1808
"641","D",62902,76
"642","I",62902,0
"643","R",62902,355
"644","D",62903,431
"645","R",62903,2274
"646","D",62904,222
"647","I",62904,0
"648","R",62904,1237
"649","D",62905,59
"650","R",62905,343
"651","D",62906,66
"652","R",62906,681
"653","I",63903,14
"654","R",63903,322
"655","I",63906,7
"656","R",63906,169
"657","D",64903,2038
"658","I",64903,173
"659","R",64903,933
"660","I",65901,106
"661","R",65901,1009
"662","I",65902,26
"663","R",65902,248
"664","D",66005,97
"665","I",66005,3
"666","R",66005,21
"667","D",66901,764
"668","I",66901,30
"669","R",66901,155
"670","D",66902,1639
"671","I",66902,74
"672","R",66902,293
"673","D",66903,527
"674","I",66903,50
"675","R",66903,341
"676","I",67902,109
"677","R",67902,1522
"678","I",67903,151
"679","R",67903,2216
"680","I",67904,42
"681","R",67904,702
"682","I",67907,100
"683","R",67907,998
"684","I",67908,35
"685","R",67908,537
"686","D",68901,0
"687","I",68901,4154
"688","R",68901,27242
"689","D",69901,229
"690","I",69901,28
"691","R",69901,405
"692","D",69902,162
"693","I",69902,47
"694","R",69902,867
"695","D",70901,35
"696","I",70901,8
"697","R",70901,210
"698","D",70903,2313
"699","I",70903,313
"700","R",70903,5883
"701","D",70905,928
"702","I",70905,86
"703","R",70905,2035
"704","D",70907,264
"705","I",70907,29
"706","R",70907,772
"707","D",70908,2716
"708","I",70908,354
"709","R",70908,13321
"710","D",70909,112
"711","I",70909,6
"712","R",70909,282
"713","D",70910,355
"714","I",70910,62
"715","R",70910,1369
"716","D",70911,3250
"717","I",70911,302
"718","R",70911,6625
"719","D",70912,4515
"720","I",70912,550
"721","R",70912,14113
"722","D",70915,292
"723","I",70915,59
"724","R",70915,1854
"725","D",71901,6307
"726","I",71901,864
"727","R",71901,760
"728","D",71902,67646
"729","I",71902,11816
"730","D",71903,1835
"731","I",71903,82
"732","R",71903,425
"733","D",71904,1695
"734","I",71904,64
"735","R",71904,271
"736","D",71905,42500
"737","I",71905,5659
"738","R",71905,449
"739","D",71906,657
"740","I",71906,116
"741","D",71907,7230
"742","I",71907,1454
"743","D",71908,443
"744","I",71908,20
"745","R",71908,130
"746","D",71909,38656
"747","I",71909,5714
"748","R",71909,1101
"749","D",72901,49
"750","I",72901,10
"751","R",72901,371
"752","D",72902,113
"753","I",72902,149
"754","R",72902,2252
"755","D",72903,755
"756","I",72903,473
"757","R",72903,5789
"758","I",72904,35
"759","R",72904,476
"760","D",72908,1
"761","I",72908,53
"762","R",72908,828
"763","D",72909,18
"764","I",72909,33
"765","R",72909,558
"766","I",72910,26
"767","R",72910,388
"768","D",73901,178
"769","I",73901,17
"770","R",73901,480
"771","D",73903,904
"772","I",73903,35
"773","R",73903,1221
"774","D",73904,11
"775","I",73904,2
"776","R",73904,117
"777","D",73905,361
"778","I",73905,48
"779","R",73905,1476
"780","I",74903,461
"781","R",74903,3769
"782","I",74904,63
"783","R",74904,495
"784","I",74905,29
"785","R",74905,339
"786","I",74907,136
"787","R",74907,905
"788","I",74909,96
"789","R",74909,1110
"790","I",74911,34
"791","R",74911,594
"792","I",74912,96
"793","R",74912,959
"794","I",74917,90
"795","R",74917,944
"796","D",75901,293
"797","I",75901,41
"798","R",75901,1302
"799","D",75902,888
"800","I",75902,124
"801","R",75902,3842
"802","D",75903,362
"803","I",75903,36
"804","R",75903,1658
"805","D",75906,117
"806","I",75906,14
"807","R",75906,659
"808","D",75908,148
"809","I",75908,27
"810","R",75908,970
"811","I",76903,69
"812","R",76903,530
"813","I",76904,56
"814","R",76904,403
"815","I",77901,64
"816","R",77901,865
"817","I",77902,37
"818","R",77902,571
"819","I",78901,48
"820","R",78901,443
"821","D",79901,23005
"822","I",79901,0
"823","R",79901,38196
"824","D",79906,974
"825","R",79906,3966
"826","D",79907,85509
"827","R",79907,61250
"828","D",79910,3289
"829","R",79910,1704
"830","D",80901,0
"831","I",80901,348
"832","R",80901,3211
"833","D",81902,720
"834","I",81902,100
"835","R",81902,3215
"836","D",81904,371
"837","I",81904,39
"838","R",81904,1656
"839","D",81905,126
"840","I",81905,14
"841","R",81905,606
"842","D",81906,73
"843","I",81906,7
"844","R",81906,337
"845","D",82902,654
"846","I",82902,58
"847","R",82902,553
"848","D",82903,1321
"849","I",82903,138
"850","R",82903,783
"851","I",83901,56
"852","R",83901,535
"853","I",83902,10
"854","R",83902,185
"855","I",83903,201
"856","R",83903,3353
"857","D",84901,6293
"858","I",84901,0
"859","R",84901,11082
"860","D",84902,8628
"861","I",84902,0
"862","R",84902,8626
"863","D",84903,104
"864","I",84903,0
"865","R",84903,390
"866","D",84906,9540
"867","R",84906,7423
"868","D",84908,1853
"869","R",84908,2462
"870","D",84909,2414
"871","R",84909,9169
"872","D",84910,19084
"873","I",84910,5192
"874","R",84910,63350
"875","D",84911,2645
"876","R",84911,11899
"877","I",85902,85
"878","R",85902,1108
"879","I",85903,12
"880","R",85903,149
"881","D",86024,23
"882","I",86024,11
"883","R",86024,265
"884","D",86901,1753
"885","I",86901,550
"886","R",86901,9255
"887","D",86902,177
"888","I",86902,87
"889","R",86902,1570
"890","D",87901,0
"891","I",87901,25
"892","R",87901,564
"893","D",88902,1080
"894","I",88902,0
"895","R",88902,2420
"896","D",89901,991
"897","I",89901,0
"898","R",89901,3165
"899","D",89903,320
"900","I",89903,11
"901","R",89903,1167
"902","D",89905,284
"903","I",89905,0
"904","R",89905,474
"905","I",90902,20
"906","R",90902,215
"907","I",90903,38
"908","R",90903,498
"909","I",90904,604
"910","R",90904,5352
"911","I",90905,17
"912","R",90905,136
"913","I",91901,96
"914","R",91901,990
"915","I",91902,89
"916","R",91902,1037
"917","I",91903,1057
"918","R",91903,6186
"919","I",91905,268
"920","R",91905,1800
"921","I",91906,1640
"922","R",91906,8162
"923","D",91907,0
"924","I",91907,48
"925","R",91907,522
"926","I",91908,361
"927","R",91908,2709
"928","I",91909,276
"929","R",91909,3169
"930","I",91910,168
"931","R",91910,1605
"932","I",91913,362
"933","R",91913,3099
"934","I",91914,255
"935","R",91914,2380
"936","D",91917,0
"937","I",91917,130
"938","R",91917,1240
"939","I",91918,166
"940","R",91918,1648
"941","D",92901,609
"942","I",92901,101
"943","R",92901,2806
"944","D",92902,1247
"945","I",92902,116
"946","R",92902,5368
"947","D",92903,7170
"948","I",92903,375
"949","R",92903,11677
"950","D",92904,1857
"951","I",92904,179
"952","R",92904,6463
"953","D",92906,365
"954","I",92906,51
"955","R",92906,2330
"956","D",92907,481
"957","I",92907,82
"958","R",92907,2930
"959","D",92908,181
"960","I",92908,38
"961","R",92908,1770
"962","D",93901,285
"963","I",93901,27
"964","R",93901,1627
"965","D",93903,131
"966","I",93903,20
"967","R",93903,1008
"968","D",93904,1517
"969","I",93904,114
"970","R",93904,4276
"971","D",93905,115
"972","I",93905,10
"973","R",93905,651
"974","D",94901,4154
"975","I",94901,611
"976","R",94901,8756
"977","D",94902,9600
"978","I",94902,1213
"979","R",94902,16580
"980","D",94903,1128
"981","I",94903,185
"982","R",94903,2977
"983","D",94904,860
"984","I",94904,180
"985","R",94904,2947
"986","I",95901,75
"987","R",95901,967
"988","I",95902,29
"989","R",95902,304
"990","I",95903,41
"991","R",95903,424
"992","I",95904,59
"993","R",95904,472
"994","I",95905,634
"995","R",95905,5147
"996","I",96904,64
"997","R",96904,811
"998","I",96905,18
"999","R",96905,286
"1000","D",97902,282
"1001","I",97902,44
"1002","R",97902,1813
"1003","D",97903,134
"1004","I",97903,17
"1005","R",97903,910
"1006","I",98901,45
"1007","R",98901,608
"1008","I",98903,34
"1009","R",98903,633
"1010","I",98904,107
"1011","R",98904,1458
"1012","I",99902,104
"1013","R",99902,1027
"1014","I",99903,80
"1015","R",99903,1009
"1016","I",100903,242
"1017","R",100903,3836
"1018","I",100904,415
"1019","R",100904,5056
"1020","D",100905,761
"1021","I",100905,127
"1022","R",100905,4629
"1023","D",100907,0
"1024","I",100907,337
"1025","R",100907,6860
"1026","I",100908,74
"1027","R",100908,1730
"1028","D",101902,39122
"1029","I",101902,1335
"1030","R",101902,10716
"1031","D",101903,36994
"1032","R",101903,12780
"1033","D",101905,3034
"1034","I",101905,780
"1035","R",101905,2561
"1036","D",101906,234
"1037","I",101906,932
"1038","R",101906,7725
"1039","D",101907,71132
"1040","I",101907,3675
"1041","R",101907,104206
"1042","D",101908,1233
"1043","I",101908,1439
"1044","R",101908,12698
"1045","D",101910,12809
"1046","I",101910,403
"1047","R",101910,3861
"1048","I",101911,3606
"1049","R",101911,15448
"1050","D",101912,278327
"1051","I",101912,7841
"1052","R",101912,135802
"1053","D",101913,20718
"1054","I",101913,1847
"1055","R",101913,43879
"1056","D",101914,37573
"1057","I",101914,1326
"1058","R",101914,68159
"1059","D",101915,28432
"1060","I",101915,2404
"1061","R",101915,54562
"1062","I",101916,1545
"1063","R",101916,11614
"1064","D",101917,24919
"1065","I",101917,2532
"1066","R",101917,21962
"1067","D",101919,29252
"1068","I",101919,1292
"1069","R",101919,18895
"1070","D",101920,18873
"1071","I",101920,1012
"1072","R",101920,37396
"1073","D",101921,7201
"1074","I",101921,760
"1075","R",101921,23271
"1076","D",101924,6304
"1077","I",101924,539
"1078","R",101924,3892
"1079","D",101925,657
"1080","I",101925,115
"1081","R",101925,5119
"1082","D",102901,400
"1083","I",102901,30
"1084","R",102901,1093
"1085","D",102902,4600
"1086","I",102902,197
"1087","R",102902,7523
"1088","D",102903,369
"1089","I",102903,19
"1090","R",102903,996
"1091","D",102904,1035
"1092","I",102904,172
"1093","R",102904,7041
"1094","D",102905,156
"1095","I",102905,20
"1096","R",102905,1147
"1097","D",102906,400
"1098","I",102906,48
"1099","R",102906,1739
"1100","I",103901,33
"1101","R",103901,671
"1102","I",103902,21
"1103","R",103902,332
"1104","I",104901,88
"1105","R",104901,918
"1106","I",104903,22
"1107","R",104903,182
"1108","I",104907,37
"1109","R",104907,280
"1110","D",105902,10445
"1111","I",105902,1628
"1112","R",105902,7833
"1113","D",105904,4714
"1114","I",105904,630
"1115","R",105904,8180
"1116","D",105905,2164
"1117","I",105905,243
"1118","R",105905,3677
"1119","D",105906,14502
"1120","I",105906,1854
"1121","R",105906,15429
"1122","I",106901,109
"1123","R",106901,1359
"1124","I",107901,670
"1125","R",107901,6093
"1126","D",107902,0
"1127","I",107902,414
"1128","R",107902,5400
"1129","D",107904,0
"1130","I",107904,110
"1131","R",107904,1452
"1132","I",107905,240
"1133","R",107905,2355
"1134","D",107906,0
"1135","I",107906,279
"1136","R",107906,2819
"1137","D",107907,0
"1138","I",107907,30
"1139","R",107907,278
"1140","I",107908,14
"1141","R",107908,173
"1142","I",107910,90
"1143","R",107910,1279
"1144","D",108902,7733
"1145","I",108902,219
"1146","R",108902,2684
"1147","D",108903,4332
"1148","I",108903,222
"1149","R",108903,549
"1150","D",108904,19694
"1151","I",108904,1694
"1152","R",108904,7347
"1153","D",108905,1898
"1154","I",108905,86
"1155","R",108905,283
"1156","D",108906,18479
"1157","I",108906,1503
"1158","R",108906,9433
"1159","D",108907,3353
"1160","I",108907,289
"1161","R",108907,809
"1162","D",108908,9060
"1163","I",108908,432
"1164","R",108908,3110
"1165","D",108909,17881
"1166","I",108909,767
"1167","R",108909,5483
"1168","D",108910,907
"1169","I",108910,0
"1170","R",108910,259
"1171","D",108911,6795
"1172","I",108911,441
"1173","R",108911,4172
"1174","D",108912,10854
"1175","I",108912,322
"1176","R",108912,2224
"1177","D",108913,9806
"1178","I",108913,460
"1179","R",108913,3807
"1180","D",108914,816
"1181","I",108914,51
"1182","R",108914,158
"1183","D",108915,678
"1184","I",108915,39
"1185","R",108915,183
"1186","D",108916,3173
"1187","I",108916,200
"1188","R",108916,461
"1189","D",109901,103
"1190","I",109901,15
"1191","R",109901,538
"1192","D",109902,108
"1193","I",109902,14
"1194","R",109902,457
"1195","D",109903,88
"1196","I",109903,14
"1197","R",109903,419
"1198","D",109904,696
"1199","I",109904,73
"1200","R",109904,1825
"1201","D",109905,170
"1202","I",109905,14
"1203","R",109905,578
"1204","D",109907,288
"1205","I",109907,26
"1206","R",109907,940
"1207","D",109908,45
"1208","I",109908,3
"1209","R",109908,182
"1210","D",109910,68
"1211","I",109910,7
"1212","R",109910,204
"1213","D",109911,651
"1214","I",109911,79
"1215","R",109911,3194
"1216","D",109912,81
"1217","I",109912,17
"1218","R",109912,581
"1219","D",109913,125
"1220","I",109913,13
"1221","R",109913,652
"1222","D",109914,41
"1223","I",109914,6
"1224","R",109914,207
"1225","I",110901,47
"1226","R",110901,398
"1227","I",110902,313
"1228","R",110902,2838
"1229","I",110905,62
"1230","R",110905,645
"1231","I",110906,36
"1232","R",110906,400
"1233","I",110907,39
"1234","R",110907,490
"1235","I",110908,42
"1236","R",110908,351
"1237","D",111901,49
"1238","I",111901,1953
"1239","R",111901,18761
"1240","D",111902,7
"1241","I",111902,99
"1242","R",111902,1301
"1243","D",111903,0
"1244","I",111903,151
"1245","R",111903,1588
"1246","I",112901,675
"1247","R",112901,6542
"1248","I",112905,74
"1249","R",112905,859
"1250","I",112906,63
"1251","R",112906,758
"1252","I",112907,46
"1253","R",112907,649
"1254","I",112908,105
"1255","R",112908,1202
"1256","I",112909,40
"1257","R",112909,449
"1258","I",112910,44
"1259","R",112910,539
"1260","D",113901,608
"1261","I",113901,19
"1262","R",113901,1232
"1263","D",113902,242
"1264","I",113902,9
"1265","R",113902,1112
"1266","D",113903,217
"1267","I",113903,17
"1268","R",113903,1135
"1269","D",113905,313
"1270","I",113905,7
"1271","R",113905,1054
"1272","D",113906,219
"1273","I",113906,13
"1274","R",113906,954
"1275","I",114901,737
"1276","R",114901,4204
"1277","I",114902,96
"1278","R",114902,1341
"1279","I",114904,74
"1280","R",114904,945
"1281","D",115901,214
"1282","I",115901,25
"1283","R",115901,247
"1284","D",115902,62
"1285","I",115902,6
"1286","R",115902,73
"1287","D",115903,41
"1288","I",115903,2
"1289","R",115903,46
"1290","I",116901,291
"1291","R",116901,2502
"1292","I",116902,119
"1293","R",116902,969
"1294","I",116903,567
"1295","R",116903,1936
"1296","I",116905,1277
"1297","R",116905,7273
"1298","I",116906,197
"1299","R",116906,1841
"1300","I",116908,618
"1301","R",116908,4879
"1302","I",116909,101
"1303","R",116909,1042
"1304","I",116910,112
"1305","R",116910,860
"1306","I",116915,135
"1307","R",116915,1015
"1308","I",116916,28
"1309","R",116916,250
"1310","I",117901,177
"1311","R",117901,2056
"1312","I",117903,107
"1313","R",117903,1234
"1314","I",117904,224
"1315","R",117904,2449
"1316","I",117907,73
"1317","R",117907,834
"1318","D",118902,0
"1319","I",118902,38
"1320","R",118902,686
"1321","I",119901,47
"1322","R",119901,760
"1323","I",119902,114
"1324","R",119902,2245
"1325","D",119903,37
"1326","I",119903,35
"1327","R",119903,824
"1328","D",120901,603
"1329","R",120901,2392
"1330","D",120902,118
"1331","R",120902,729
"1332","D",120905,173
"1333","R",120905,1446
"1334","D",121902,85
"1335","I",121902,57
"1336","R",121902,1100
"1337","I",121903,144
"1338","R",121903,2754
"1339","D",121904,0
"1340","I",121904,611
"1341","R",121904,4123
"1342","I",121905,199
"1343","R",121905,2617
"1344","I",121906,15
"1345","R",121906,571
"1346","D",122901,440
"1347","I",122901,38
"1348","R",122901,536
"1349","D",122902,72
"1350","I",122902,7
"1351","R",122902,97
"1352","D",123905,2029
"1353","I",123905,0
"1354","R",123905,8474
"1355","D",123907,10379
"1356","I",123907,0
"1357","R",123907,4106
"1358","D",123908,2206
"1359","I",123908,0
"1360","R",123908,8297
"1361","D",123910,25914
"1362","I",123910,0
"1363","R",123910,17754
"1364","D",123913,94
"1365","I",123913,0
"1366","R",123913,548
"1367","D",123914,648
"1368","I",123914,0
"1369","R",123914,2512
"1370","D",124901,1678
"1371","I",124901,68
"1372","R",124901,248
"1373","D",125901,4723
"1374","I",125901,0
"1375","R",125901,2558
"1376","D",125902,504
"1377","I",125902,0
"1378","R",125902,241
"1379","D",125903,688
"1380","I",125903,0
"1381","R",125903,1662
"1382","D",125905,674
"1383","I",125905,2
"1384","R",125905,371
"1385","D",125906,74
"1386","I",125906,0
"1387","R",125906,71
"1388","D",126901,1311
"1389","I",126901,186
"1390","R",126901,4874
"1391","D",126902,4502
"1392","I",126902,625
"1393","R",126902,16867
"1394","D",126903,2533
"1395","I",126903,316
"1396","R",126903,9622
"1397","D",126904,261
"1398","I",126904,48
"1399","R",126904,1675
"1400","D",126905,1738
"1401","I",126905,276
"1402","R",126905,8106
"1403","D",126906,206
"1404","I",126906,33
"1405","R",126906,576
"1406","D",126907,238
"1407","I",126907,28
"1408","R",126907,1365
"1409","D",126908,613
"1410","I",126908,94
"1411","R",126908,1606
"1412","D",126911,394
"1413","I",126911,112
"1414","R",126911,2564
"1415","I",127901,162
"1416","R",127901,1084
"1417","I",127903,84
"1418","R",127903,880
"1419","I",127904,99
"1420","R",127904,986
"1421","I",127905,47
"1422","R",127905,459
"1423","I",127906,103
"1424","R",127906,820
"1425","D",128901,504
"1426","I",128901,51
"1427","R",128901,1119
"1428","D",128902,443
"1429","I",128902,32
"1430","R",128902,577
"1431","D",128903,144
"1432","I",128903,7
"1433","R",128903,222
"1434","D",128904,173
"1435","I",128904,12
"1436","R",128904,689
"1437","D",129901,0
"1438","I",129901,461
"1439","R",129901,4157
"1440","I",129902,1986
"1441","R",129902,10713
"1442","I",129903,445
"1443","R",129903,4118
"1444","D",129904,0
"1445","I",129904,314
"1446","R",129904,3406
"1447","I",129905,481
"1448","R",129905,5043
"1449","I",129906,966
"1450","R",129906,5563
"1451","D",129910,0
"1452","I",129910,120
"1453","R",129910,1480
"1454","D",130901,3404
"1455","I",130901,815
"1456","R",130901,15991
"1457","D",130902,705
"1458","I",130902,205
"1459","R",130902,3420
"1460","D",131001,102
"1461","I",131001,0
"1462","R",131001,65
"1463","I",132902,32
"1464","R",132902,335
"1465","D",133901,226
"1466","I",133901,88
"1467","R",133901,1319
"1468","D",133902,166
"1469","I",133902,36
"1470","R",133902,703
"1471","D",133903,2875
"1472","I",133903,850
"1473","R",133903,11635
"1474","D",133904,451
"1475","I",133904,154
"1476","R",133904,2469
"1477","D",133905,81
"1478","I",133905,16
"1479","R",133905,411
"1480","D",134901,0
"1481","I",134901,100
"1482","R",134901,1547
"1483","I",135001,5
"1484","R",135001,90
"1485","D",136901,461
"1486","I",136901,38
"1487","R",136901,906
"1488","D",137901,3224
"1489","R",137901,2616
"1490","D",137902,531
"1491","R",137902,759
"1492","D",137903,482
"1493","R",137903,534
"1494","D",137904,522
"1495","I",137904,0
"1496","R",137904,550
"1497","I",138902,25
"1498","R",138902,308
"1499","I",138903,61
"1500","R",138903,654
"1501","I",138904,6
"1502","R",138904,152
"1503","I",139905,215
"1504","R",139905,1803
"1505","I",139909,836
"1506","R",139909,3714
"1507","I",139911,610
"1508","R",139911,6982
"1509","I",139912,173
"1510","R",139912,2554
"1511","I",140901,44
"1512","R",140901,310
"1513","I",140904,166
"1514","R",140904,1432
"1515","I",140905,68
"1516","R",140905,727
"1517","I",140907,18
"1518","R",140907,288
"1519","I",140908,67
"1520","R",140908,731
"1521","D",141901,1433
"1522","I",141901,281
"1523","R",141901,6095
"1524","D",141902,131
"1525","I",141902,38
"1526","R",141902,850
"1527","D",142901,1006
"1528","I",142901,60
"1529","R",142901,583
"1530","D",143901,444
"1531","I",143901,1
"1532","R",143901,2888
"1533","D",143902,149
"1534","I",143902,0
"1535","R",143902,727
"1536","D",143903,292
"1537","R",143903,1558
"1538","D",143904,58
"1539","R",143904,357
"1540","D",143905,98
"1541","R",143905,629
"1542","D",143906,72
"1543","R",143906,520
"1544","D",144901,590
"1545","I",144901,67
"1546","R",144901,2666
"1547","D",144902,559
"1548","I",144902,122
"1549","R",144902,2026
"1550","D",144903,132
"1551","I",144903,11
"1552","R",144903,393
"1553","D",145901,225
"1554","I",145901,52
"1555","R",145901,1645
"1556","D",145902,226
"1557","I",145902,23
"1558","R",145902,1663
"1559","D",145906,269
"1560","I",145906,6
"1561","R",145906,1318
"1562","D",145907,159
"1563","I",145907,15
"1564","R",145907,421
"1565","D",145911,193
"1566","I",145911,34
"1567","R",145911,1863
"1568","D",146901,68
"1569","I",146901,492
"1570","R",146901,3791
"1571","D",146902,12
"1572","I",146902,630
"1573","R",146902,6159
"1574","D",146903,0
"1575","I",146903,30
"1576","R",146903,335
"1577","D",146904,0
"1578","I",146904,139
"1579","R",146904,2342
"1580","I",146905,73
"1581","R",146905,848
"1582","I",146906,424
"1583","R",146906,3413
"1584","D",146907,0
"1585","I",146907,195
"1586","R",146907,3169
"1587","D",147901,139
"1588","I",147901,10
"1589","R",147901,377
"1590","D",147902,607
"1591","I",147902,86
"1592","R",147902,3053
"1593","D",147903,907
"1594","I",147903,61
"1595","R",147903,2140
"1596","I",148901,18
"1597","R",148901,295
"1598","I",148902,7
"1599","R",148902,257
"1600","I",148903,28
"1601","R",148903,241
"1602","I",148905,13
"1603","R",148905,261
"1604","D",149901,363
"1605","I",149901,51
"1606","R",149901,1877
"1607","D",149902,362
"1608","I",149902,48
"1609","R",149902,1206
"1610","D",150901,0
"1611","I",150901,1516
"1612","R",150901,7906
"1613","I",152901,9755
"1614","R",152901,38125
"1615","I",152902,166
"1616","R",152902,1519
"1617","I",152903,189
"1618","R",152903,1242
"1619","I",152906,1141
"1620","R",152906,10997
"1621","I",152907,2170
"1622","R",152907,15535
"1623","I",152908,189
"1624","R",152908,1361
"1625","I",152909,142
"1626","R",152909,1635
"1627","I",152910,130
"1628","R",152910,1138
"1629","I",153903,46
"1630","R",153903,430
"1631","I",153904,56
"1632","R",153904,587
"1633","I",153905,24
"1634","R",153905,365
"1635","I",153907,32
"1636","R",153907,317
"1637","D",154901,594
"1638","I",154901,27
"1639","R",154901,2431
"1640","D",154903,84
"1641","I",154903,9
"1642","R",154903,727
"1643","D",155901,0
"1644","I",155901,357
"1645","R",155901,2874
"1646","I",156902,99
"1647","R",156902,1003
"1648","I",156905,34
"1649","R",156905,336
"1650","D",157901,0
"1651","I",157901,175
"1652","R",157901,1721
"1653","D",158901,2024
"1654","R",158901,3572
"1655","D",158902,314
"1656","R",158902,1189
"1657","D",158904,31
"1658","R",158904,128
"1659","D",158905,541
"1660","R",158905,1610
"1661","D",158906,673
"1662","R",158906,2008
"1663","D",159901,8811
"1664","I",159901,534
"1665","R",159901,2551
"1666","I",160901,96
"1667","R",160901,1340
"1668","I",160904,80
"1669","R",160904,928
"1670","I",160905,7
"1671","R",160905,148
"1672","D",161901,120
"1673","I",161901,20
"1674","R",161901,1100
"1675","D",161903,4819
"1676","I",161903,508
"1677","R",161903,14943
"1678","D",161906,1904
"1679","I",161906,108
"1680","R",161906,1579
"1681","D",161907,541
"1682","I",161907,82
"1683","R",161907,2538
"1684","D",161908,251
"1685","I",161908,23
"1686","R",161908,819
"1687","D",161909,526
"1688","I",161909,57
"1689","R",161909,1812
"1690","D",161910,265
"1691","I",161910,73
"1692","R",161910,1608
"1693","D",161912,154
"1694","I",161912,21
"1695","R",161912,789
"1696","D",161914,11703
"1697","I",161914,714
"1698","R",161914,11260
"1699","D",161916,500
"1700","I",161916,75
"1701","R",161916,2554
"1702","D",161918,167
"1703","I",161918,45
"1704","R",161918,1032
"1705","D",161919,284
"1706","I",161919,58
"1707","R",161919,1369
"1708","D",161920,729
"1709","I",161920,116
"1710","R",161920,3599
"1711","D",161921,1313
"1712","I",161921,101
"1713","R",161921,2385
"1714","D",161922,1035
"1715","I",161922,150
"1716","R",161922,3734
"1717","D",161923,434
"1718","I",161923,46
"1719","R",161923,1273
"1720","D",161924,77
"1721","I",161924,10
"1722","R",161924,309
"1723","D",161925,76
"1724","I",161925,9
"1725","R",161925,404
"1726","D",162904,120
"1727","I",162904,0
"1728","R",162904,352
"1729","D",163901,778
"1730","I",163901,122
"1731","R",163901,2260
"1732","D",163902,177
"1733","I",163902,24
"1734","R",163902,746
"1735","D",163903,644
"1736","I",163903,97
"1737","R",163903,1167
"1738","D",163904,1218
"1739","I",163904,138
"1740","R",163904,2609
"1741","D",163908,3213
"1742","I",163908,596
"1743","R",163908,7201
"1744","D",164901,0
"1745","I",164901,56
"1746","R",164901,704
"1747","D",165901,0
"1748","I",165901,5084
"1749","R",165901,36097
"1750","I",165902,250
"1751","R",165902,2599
"1752","D",166901,497
"1753","I",166901,66
"1754","R",166901,1621
"1755","D",166902,73
"1756","I",166902,6
"1757","R",166902,326
"1758","D",166903,242
"1759","I",166903,28
"1760","R",166903,954
"1761","D",166904,719
"1762","I",166904,84
"1763","R",166904,2043
"1764","D",166905,262
"1765","I",166905,47
"1766","R",166905,912
"1767","D",166907,35
"1768","I",166907,10
"1769","R",166907,193
"1770","D",167901,12
"1771","I",167901,84
"1772","R",167901,1353
"1773","I",167902,21
"1774","R",167902,415
"1775","D",167904,0
"1776","I",167904,12
"1777","R",167904,218
"1778","I",168901,107
"1779","R",168901,1229
"1780","I",168902,21
"1781","R",168902,333
"1782","I",168903,21
"1783","R",168903,283
"1784","I",169901,257
"1785","R",169901,3864
"1786","I",169902,91
"1787","R",169902,1120
"1788","I",169906,51
"1789","R",169906,719
"1790","I",169908,10
"1791","R",169908,151
"1792","I",169909,54
"1793","R",169909,617
"1794","I",169910,26
"1795","R",169910,420
"1796","I",169911,51
"1797","R",169911,1013
"1798","D",170902,26102
"1799","I",170902,1820
"1800","R",170902,65731
"1801","D",170903,2565
"1802","I",170903,246
"1803","R",170903,15403
"1804","D",170904,2884
"1805","I",170904,282
"1806","R",170904,12975
"1807","D",170906,3000
"1808","I",170906,239
"1809","R",170906,11300
"1810","D",170907,595
"1811","I",170907,60
"1812","R",170907,3478
"1813","D",170908,2756
"1814","I",170908,183
"1815","R",170908,8954
"1816","I",171901,386
"1817","R",171901,3832
"1818","I",171902,29
"1819","R",171902,409
"1820","I",172902,550
"1821","R",172902,1915
"1822","I",172905,255
"1823","R",172905,1825
"1824","I",173901,29
"1825","R",173901,566
"1826","D",174901,110
"1827","I",174901,12
"1828","R",174901,498
"1829","D",174902,202
"1830","I",174902,32
"1831","R",174902,1098
"1832","D",174903,184
"1833","I",174903,16
"1834","R",174903,909
"1835","D",174904,5215
"1836","I",174904,435
"1837","R",174904,8673
"1838","D",174906,169
"1839","I",174906,30
"1840","R",174906,939
"1841","D",174908,308
"1842","I",174908,25
"1843","R",174908,1176
"1844","D",174909,58
"1845","I",174909,4
"1846","R",174909,486
"1847","D",174910,49
"1848","I",174910,7
"1849","R",174910,553
"1850","D",174911,159
"1851","I",174911,32
"1852","R",174911,933
"1853","D",175902,286
"1854","I",175902,42
"1855","R",175902,1403
"1856","D",175903,2054
"1857","I",175903,176
"1858","R",175903,5538
"1859","D",175904,251
"1860","I",175904,31
"1861","R",175904,1055
"1862","D",175905,145
"1863","I",175905,16
"1864","R",175905,582
"1865","D",175907,414
"1866","I",175907,36
"1867","R",175907,1255
"1868","D",175910,270
"1869","I",175910,35
"1870","R",175910,1038
"1871","D",175911,208
"1872","I",175911,31
"1873","R",175911,724
"1874","D",176901,0
"1875","I",176901,113
"1876","R",176901,938
"1877","I",176902,254
"1878","R",176902,1831
"1879","I",176903,75
"1880","R",176903,1305
"1881","I",177901,90
"1882","R",177901,673
"1883","I",177902,385
"1884","R",177902,2293
"1885","I",177903,61
"1886","R",177903,677
"1887","I",177905,37
"1888","R",177905,302
"1889","D",178901,298
"1890","R",178901,301
"1891","D",178902,890
"1892","R",178902,1013
"1893","D",178903,2064
"1894","R",178903,4250
"1895","D",178904,35844
"1896","R",178904,30359
"1897","D",178905,282
"1898","R",178905,169
"1899","D",178906,233
"1900","R",178906,589
"1901","D",178908,279
"1902","R",178908,741
"1903","D",178909,3501
"1904","R",178909,1685
"1905","D",178912,1249
"1906","R",178912,1637
"1907","D",178913,574
"1908","R",178913,788
"1909","D",178914,4151
"1910","R",178914,9602
"1911","D",178915,1425
"1912","R",178915,471
"1913","I",179901,173
"1914","R",179901,2217
"1915","I",180901,0
"1916","R",180901,0
"1917","I",180902,39
"1918","R",180902,534
"1919","I",180903,52
"1920","R",180903,341
"1921","I",180904,96
"1922","R",180904,892
"1923","D",181901,0
"1924","I",181901,398
"1925","R",181901,5054
"1926","D",181905,0
"1927","I",181905,204
"1928","R",181905,3194
"1929","I",181906,689
"1930","R",181906,3724
"1931","D",181907,0
"1932","I",181907,525
"1933","R",181907,8068
"1934","I",181908,539
"1935","R",181908,6623
"1936","I",182901,81
"1937","R",182901,767
"1938","I",182902,65
"1939","R",182902,1086
"1940","D",182903,3
"1941","I",182903,490
"1942","R",182903,4341
"1943","D",182904,0
"1944","I",182904,95
"1945","R",182904,1516
"1946","I",182905,20
"1947","R",182905,218
"1948","I",182906,47
"1949","R",182906,513
"1950","D",183901,192
"1951","I",183901,15
"1952","R",183901,841
"1953","D",183902,1353
"1954","I",183902,79
"1955","R",183902,5950
"1956","D",183904,81
"1957","I",183904,9
"1958","R",183904,652
"1959","D",184901,85
"1960","I",184901,58
"1961","R",184901,1130
"1962","D",184902,842
"1963","I",184902,265
"1964","R",184902,6292
"1965","D",184903,2773
"1966","I",184903,732
"1967","R",184903,16724
"1968","D",184904,233
"1969","I",184904,90
"1970","R",184904,1971
"1971","D",184907,1366
"1972","I",184907,493
"1973","R",184907,10224
"1974","D",184908,261
"1975","I",184908,84
"1976","R",184908,1909
"1977","D",184909,201
"1978","I",184909,68
"1979","R",184909,2157
"1980","D",184911,91
"1981","I",184911,31
"1982","R",184911,705
"1983","I",185901,56
"1984","R",185901,302
"1985","I",185902,51
"1986","R",185902,645
"1987","I",185903,121
"1988","R",185903,942
"1989","I",185904,11
"1990","R",185904,208
"1991","D",186901,362
"1992","I",186901,24
"1993","R",186901,393
"1994","D",186902,1226
"1995","I",186902,103
"1996","R",186902,1427
"1997","D",186903,172
"1998","I",186903,8
"1999","R",186903,455
"2000","I",187901,58
"2001","R",187901,793
"2002","D",187903,0
"2003","I",187903,195
"2004","R",187903,1418
"2005","D",187904,0
"2006","I",187904,116
"2007","R",187904,1409
"2008","I",187906,56
"2009","R",187906,599
"2010","D",187907,0
"2011","I",187907,1015
"2012","R",187907,9235
"2013","D",187910,0
"2014","I",187910,129
"2015","R",187910,1707
"2016","I",188901,5743
"2017","R",188901,37535
"2018","I",188902,91
"2019","R",188902,937
"2020","I",188903,127
"2021","R",188903,837
"2022","I",188904,670
"2023","R",188904,6860
"2024","D",189901,931
"2025","I",189901,36
"2026","R",189901,406
"2027","D",189902,385
"2028","I",189902,14
"2029","R",189902,154
"2030","I",190903,253
"2031","R",190903,3626
"2032","I",191901,2124
"2033","R",191901,19879
"2034","D",192901,136
"2035","I",192901,15
"2036","R",192901,475
"2037","D",193902,104
"2038","I",193902,39
"2039","R",193902,872
"2040","I",194902,46
"2041","R",194902,632
"2042","I",194903,106
"2043","R",194903,1242
"2044","I",194904,331
"2045","R",194904,1632
"2046","I",194905,70
"2047","R",194905,644
"2048","D",195901,1655
"2049","I",195901,109
"2050","R",195901,1103
"2051","D",195902,148
"2052","I",195902,14
"2053","R",195902,115
"2054","D",196901,140
"2055","R",196901,187
"2056","D",196902,435
"2057","R",196902,955
"2058","D",196903,504
"2059","R",196903,759
"2060","I",197902,29
"2061","R",197902,474
"2062","D",198901,187
"2063","I",198901,17
"2064","R",198901,668
"2065","D",198902,646
"2066","I",198902,24
"2067","R",198902,529
"2068","D",198903,508
"2069","I",198903,49
"2070","R",198903,2275
"2071","D",198905,591
"2072","I",198905,35
"2073","R",198905,982
"2074","D",198906,36
"2075","I",198906,2
"2076","R",198906,85
"2077","I",199901,3854
"2078","R",199901,25478
"2079","I",199902,1143
"2080","R",199902,7258
"2081","I",200901,104
"2082","R",200901,1576
"2083","I",200902,38
"2084","R",200902,516
"2085","I",200904,38
"2086","R",200904,722
"2087","I",200906,3
"2088","R",200906,47
"2089","D",201902,1706
"2090","I",201902,124
"2091","R",201902,6158
"2092","D",201903,190
"2093","I",201903,10
"2094","R",201903,676
"2095","D",201904,91
"2096","I",201904,7
"2097","R",201904,471
"2098","D",201907,183
"2099","I",201907,13
"2100","R",201907,598
"2101","D",201908,105
"2102","I",201908,9
"2103","R",201908,583
"2104","D",201910,370
"2105","I",201910,22
"2106","R",201910,1334
"2107","D",201913,92
"2108","I",201913,26
"2109","R",201913,583
"2110","D",201914,309
"2111","I",201914,32
"2112","R",201914,1522
"2113","D",202903,410
"2114","I",202903,40
"2115","R",202903,2641
"2116","D",202905,114
"2117","I",202905,15
"2118","R",202905,783
"2119","D",203901,707
"2120","I",203901,34
"2121","R",203901,1297
"2122","D",203902,148
"2123","I",203902,23
"2124","R",203902,1129
"2125","D",204901,1156
"2126","I",204901,82
"2127","R",204901,4762
"2128","D",204904,378
"2129","I",204904,23
"2130","R",204904,1974
"2131","D",205901,504
"2132","R",205901,1414
"2133","D",205902,2129
"2134","R",205902,4876
"2135","D",205903,896
"2136","R",205903,2553
"2137","D",205904,1565
"2138","I",205904,2
"2139","R",205904,1282
"2140","D",205905,561
"2141","R",205905,814
"2142","D",205906,1713
"2143","R",205906,1956
"2144","D",205907,1041
"2145","R",205907,1281
"2146","D",206901,0
"2147","I",206901,89
"2148","R",206901,1396
"2149","I",206902,29
"2150","R",206902,421
"2151","I",206903,13
"2152","R",206903,201
"2153","D",207901,221
"2154","I",207901,24
"2155","R",207901,795
"2156","I",208901,34
"2157","R",208901,375
"2158","I",208902,330
"2159","R",208902,3744
"2160","I",208903,16
"2161","R",208903,327
"2162","I",209901,44
"2163","R",209901,945
"2164","I",209902,24
"2165","R",209902,359
"2166","D",210901,749
"2167","I",210901,59
"2168","R",210901,2508
"2169","D",210902,139
"2170","I",210902,20
"2171","R",210902,1185
"2172","D",210903,310
"2173","I",210903,22
"2174","R",210903,1383
"2175","D",210904,175
"2176","I",210904,13
"2177","R",210904,579
"2178","D",210905,311
"2179","I",210905,30
"2180","R",210905,1362
"2181","D",210906,23
"2182","I",210906,4
"2183","R",210906,207
"2184","I",211901,4
"2185","R",211901,142
"2186","I",211902,46
"2187","R",211902,675
"2188","D",212901,496
"2189","I",212901,38
"2190","R",212901,1873
"2191","D",212902,442
"2192","I",212902,172
"2193","R",212902,4387
"2194","D",212903,1139
"2195","I",212903,181
"2196","R",212903,8006
"2197","D",212904,273
"2198","I",212904,92
"2199","R",212904,1919
"2200","D",212905,13815
"2201","I",212905,954
"2202","R",212905,26416
"2203","D",212906,1932
"2204","I",212906,266
"2205","R",212906,10437
"2206","D",212909,1947
"2207","I",212909,177
"2208","R",212909,5760
"2209","D",212910,617
"2210","I",212910,42
"2211","R",212910,1943
"2212","D",213901,493
"2213","I",213901,108
"2214","R",213901,3352
"2215","D",214901,5294
"2216","I",214901,93
"2217","R",214901,818
"2218","D",214902,199
"2219","I",214902,5
"2220","R",214902,79
"2221","D",214903,3372
"2222","I",214903,43
"2223","R",214903,429
"2224","I",215901,187
"2225","R",215901,2505
"2226","I",216901,13
"2227","R",216901,278
"2228","I",217901,58
"2229","R",217901,438
"2230","D",218901,315
"2231","I",218901,30
"2232","R",218901,1047
"2233","I",219901,167
"2234","R",219901,1554
"2235","I",219903,96
"2236","R",219903,1047
"2237","I",219905,23
"2238","R",219905,284
"2239","D",220901,49544
"2240","I",220901,2773
"2241","R",220901,53748
"2242","D",220902,13162
"2243","I",220902,1950
"2244","R",220902,32989
"2245","D",220904,4429
"2246","I",220904,46
"2247","R",220904,1830
"2248","D",220905,72027
"2249","I",220905,3388
"2250","R",220905,65117
"2251","D",220906,10078
"2252","I",220906,1640
"2253","R",220906,25446
"2254","D",220907,17975
"2255","I",220907,2498
"2256","R",220907,46874
"2257","D",220908,26204
"2258","I",220908,1351
"2259","R",220908,33146
"2260","D",220910,1868
"2261","I",220910,130
"2262","R",220910,2335
"2263","D",220912,16501
"2264","I",220912,884
"2265","R",220912,16070
"2266","D",220914,2487
"2267","I",220914,195
"2268","R",220914,5113
"2269","D",220915,2341
"2270","I",220915,572
"2271","R",220915,12892
"2272","D",220916,19523
"2273","I",220916,2635
"2274","R",220916,30682
"2275","D",220917,1507
"2276","I",220917,161
"2277","R",220917,2577
"2278","D",220918,9040
"2279","I",220918,1285
"2280","R",220918,21690
"2281","D",220919,3584
"2282","I",220919,490
"2283","R",220919,11504
"2284","D",220920,3064
"2285","I",220920,484
"2286","R",220920,8006
"2287","I",221901,4615
"2288","R",221901,22082
"2289","I",221904,244
"2290","R",221904,2098
"2291","I",221905,58
"2292","R",221905,529
"2293","I",221911,206
"2294","R",221911,2550
"2295","I",221912,774
"2296","R",221912,7900
"2297","D",222901,87
"2298","I",222901,5
"2299","R",222901,105
"2300","I",223901,238
"2301","R",223901,1857
"2302","I",223902,48
"2303","R",223902,275
"2304","I",223904,43
"2305","R",223904,371
"2306","I",224901,27
"2307","R",224901,562
"2308","I",224902,11
"2309","R",224902,224
"2310","I",225902,843
"2311","R",225902,4869
"2312","I",225906,138
"2313","R",225906,898
"2314","I",225907,67
"2315","R",225907,628
"2316","D",226901,0
"2317","I",226901,79
"2318","R",226901,951
"2319","I",226903,3701
"2320","R",226903,23288
"2321","I",226905,142
"2322","R",226905,1639
"2323","D",226906,0
"2324","I",226906,144
"2325","R",226906,2025
"2326","I",226907,84
"2327","R",226907,906
"2328","I",226908,110
"2329","R",226908,1085
"2330","D",227901,189898
"2331","I",227901,19917
"2332","R",227901,73276
"2333","D",227904,25922
"2334","I",227904,2737
"2335","R",227904,16205
"2336","D",227907,8703
"2337","I",227907,726
"2338","R",227907,3265
"2339","D",227909,9001
"2340","I",227909,957
"2341","R",227909,9683
"2342","D",227910,13369
"2343","I",227910,1394
"2344","R",227910,3307
"2345","D",227912,1112
"2346","I",227912,202
"2347","R",227912,2729
"2348","D",227913,7981
"2349","I",227913,1096
"2350","R",227913,15169
"2351","D",228901,311
"2352","I",228901,13
"2353","R",228901,1534
"2354","D",228903,646
"2355","I",228903,40
"2356","R",228903,2626
"2357","D",228904,54
"2358","I",228904,2
"2359","R",228904,338
"2360","D",228905,81
"2361","I",228905,1
"2362","R",228905,339
"2363","D",229901,5
"2364","I",229901,77
"2365","R",229901,1161
"2366","I",229903,287
"2367","R",229903,2840
"2368","I",229904,153
"2369","R",229904,2346
"2370","I",229905,36
"2371","R",229905,648
"2372","D",229906,0
"2373","I",229906,24
"2374","R",229906,497
"2375","D",230901,255
"2376","I",230901,49
"2377","R",230901,1478
"2378","D",230902,498
"2379","I",230902,305
"2380","R",230902,5602
"2381","D",230903,3
"2382","I",230903,99
"2383","R",230903,1106
"2384","D",230904,12
"2385","I",230904,46
"2386","R",230904,596
"2387","D",230905,126
"2388","I",230905,88
"2389","R",230905,2106
"2390","D",230906,9
"2391","I",230906,116
"2392","R",230906,1531
"2393","D",230908,0
"2394","I",230908,57
"2395","R",230908,1014
"2396","D",231901,181
"2397","I",231901,25
"2398","R",231901,508
"2399","D",231902,126
"2400","I",231902,21
"2401","R",231902,410
"2402","D",232901,206
"2403","I",232901,29
"2404","R",232901,412
"2405","D",232902,319
"2406","I",232902,39
"2407","R",232902,727
"2408","D",232903,3368
"2409","I",232903,273
"2410","R",232903,3094
"2411","D",232904,113
"2412","I",232904,34
"2413","R",232904,874
"2414","D",233901,5893
"2415","I",233901,452
"2416","R",233901,5051
"2417","D",233903,55
"2418","I",233903,9
"2419","R",233903,229
"2420","I",234902,405
"2421","R",234902,4061
"2422","I",234903,262
"2423","R",234903,2389
"2424","D",234904,0
"2425","I",234904,123
"2426","R",234904,1314
"2427","I",234905,97
"2428","R",234905,1034
"2429","D",234906,111
"2430","I",234906,462
"2431","R",234906,5063
"2432","I",234907,461
"2433","R",234907,4467
"2434","I",234909,100
"2435","R",234909,1010
"2436","D",235901,527
"2437","R",235901,467
"2438","D",235902,8257
"2439","R",235902,19310
"2440","D",235904,100
"2441","R",235904,587
"2442","D",236901,353
"2443","I",236901,26
"2444","R",236901,1462
"2445","D",236902,4979
"2446","I",236902,318
"2447","R",236902,9524
"2448","D",237902,915
"2449","I",237902,68
"2450","R",237902,1964
"2451","D",237904,4262
"2452","I",237904,350
"2453","R",237904,8821
"2454","D",237905,1221
"2455","I",237905,96
"2456","R",237905,2063
"2457","D",238902,648
"2458","I",238902,69
"2459","R",238902,1689
"2460","D",238904,177
"2461","I",238904,26
"2462","R",238904,718
"2463","D",239901,2697
"2464","I",239901,313
"2465","R",239901,9928
"2466","D",239903,197
"2467","I",239903,49
"2468","R",239903,1454
"2469","D",240901,15318
"2470","I",240901,446
"2471","R",240901,1392
"2472","D",240903,31738
"2473","I",240903,936
"2474","R",240903,4698
"2475","D",240904,999
"2476","I",240904,24
"2477","R",240904,124
"2478","D",241901,530
"2479","R",241901,1096
"2480","D",241902,695
"2481","I",241902,0
"2482","R",241902,1583
"2483","D",241903,1503
"2484","I",241903,0
"2485","R",241903,4213
"2486","D",241904,894
"2487","R",241904,1568
"2488","D",241906,149
"2489","R",241906,955
"2490","I",242902,55
"2491","R",242902,839
"2492","I",242903,41
"2493","R",242903,632
"2494","I",242905,9
"2495","R",242905,169
"2496","I",242906,35
"2497","R",242906,533
"2498","I",243901,689
"2499","R",243901,5278
"2500","I",243902,89
"2501","R",243902,1116
"2502","I",243903,279
"2503","R",243903,3111
"2504","I",243905,3436
"2505","R",243905,19823
"2506","I",243906,134
"2507","R",243906,976
"2508","I",244901,37
"2509","R",244901,321
"2510","I",244903,133
"2511","R",244903,1522
"2512","I",244905,17
"2513","R",244905,151
"2514","D",245901,266
"2515","I",245901,0
"2516","R",245901,90
"2517","D",245902,1496
"2518","I",245902,0
"2519","R",245902,574
"2520","D",245903,1214
"2521","I",245903,0
"2522","R",245903,481
"2523","D",245904,230
"2524","R",245904,217
"2525","D",246902,591
"2526","I",246902,134
"2527","R",246902,2205
"2528","D",246904,10288
"2529","I",246904,1607
"2530","R",246904,24036
"2531","D",246905,272
"2532","I",246905,41
"2533","R",246905,792
"2534","D",246906,4496
"2535","I",246906,688
"2536","R",246906,6755
"2537","D",246907,1468
"2538","I",246907,211
"2539","R",246907,3938
"2540","D",246908,1195
"2541","I",246908,315
"2542","R",246908,4371
"2543","D",246909,46217
"2544","I",246909,5613
"2545","R",246909,44469
"2546","D",246911,2038
"2547","I",246911,218
"2548","R",246911,3162
"2549","D",246912,274
"2550","I",246912,53
"2551","R",246912,1044
"2552","D",246913,28726
"2553","I",246913,4535
"2554","R",246913,43420
"2555","D",246914,89
"2556","I",246914,16
"2557","R",246914,299
"2558","D",247901,4226
"2559","I",247901,230
"2560","R",247901,5833
"2561","D",247903,956
"2562","I",247903,119
"2563","R",247903,3959
"2564","D",247904,467
"2565","I",247904,23
"2566","R",247904,938
"2567","D",247906,474
"2568","I",247906,67
"2569","R",247906,1891
"2570","D",248901,177
"2571","I",248901,22
"2572","R",248901,693
"2573","D",248902,230
"2574","I",248902,25
"2575","R",248902,769
"2576","I",249901,118
"2577","R",249901,1571
"2578","D",249902,155
"2579","I",249902,167
"2580","R",249902,2270
"2581","I",249903,331
"2582","R",249903,3274
"2583","I",249904,100
"2584","R",249904,1197
"2585","D",249905,407
"2586","I",249905,283
"2587","R",249905,4571
"2588","D",249906,0
"2589","I",249906,212
"2590","R",249906,2036
"2591","D",249908,106
"2592","I",249908,94
"2593","R",249908,1373
"2594","D",250902,358
"2595","I",250902,36
"2596","R",250902,1789
"2597","D",250903,68
"2598","I",250903,199
"2599","R",250903,3123
"2600","D",250904,198
"2601","I",250904,165
"2602","R",250904,3495
"2603","I",250905,94
"2604","R",250905,1339
"2605","D",250906,0
"2606","I",250906,184
"2607","R",250906,2813
"2608","D",250907,184
"2609","I",250907,164
"2610","R",250907,2872
"2611","I",251901,87
"2612","R",251901,826
"2613","I",251902,88
"2614","R",251902,972
"2615","I",252901,374
"2616","R",252901,4449
"2617","I",252902,98
"2618","R",252902,1010
"2619","I",252903,99
"2620","R",252903,1388
"2621","D",253901,2497
"2622","I",253901,42
"2623","R",253901,494
"2624","D",254901,2012
"2625","I",254901,105
"2626","R",254901,404
"2627","D",254902,320
"2628","I",254902,32
"2629","R",254902,173
