,DISTRICT_N,index_right,REGION,percent_overlap,PTY,VOTES,NewRegion
0,73901,11,12,100.0,D,178.0,12
0,73901,11,12,100.0,I,17.0,12
0,73901,11,12,100.0,R,480.0,12
76,18908,11,12,100.0,D,85.0,12
76,18908,11,12,100.0,I,10.0,12
76,18908,11,12,100.0,R,486.0,12
77,50909,11,12,100.0,D,95.0,12
77,50909,11,12,100.0,I,21.0,12
77,50909,11,12,100.0,R,689.0,12
78,50901,11,12,100.0,D,149.0,12
78,50901,11,12,100.0,I,25.0,12
78,50901,11,12,100.0,R,811.0,12
79,97903,11,12,99.39788767007951,D,134.0,12
79,97903,11,12,99.39788767007951,I,17.0,12
79,97903,11,12,99.39788767007951,R,910.0,12
80,97902,11,12,99.73827139392313,D,282.0,12
80,97902,11,12,99.73827139392313,I,44.0,12
80,97902,11,12,99.73827139392313,R,1813.0,12
140,141902,11,12,99.99399114482162,D,131.0,12
140,141902,11,12,99.99399114482162,I,38.0,12
140,141902,11,12,99.99399114482162,R,850.0,12
154,18906,11,12,99.59294103444311,D,79.0,12
154,18906,11,12,99.59294103444311,I,12.0,12
154,18906,11,12,99.59294103444311,R,470.0,12
160,161914,11,12,100.0,D,11703.0,12
160,161914,11,12,100.0,I,714.0,12
160,161914,11,12,100.0,R,11260.0,12
161,161903,11,12,100.0,D,4819.0,12
161,161903,11,12,100.0,I,508.0,12
161,161903,11,12,100.0,R,14943.0,12
162,161909,11,12,100.0,D,526.0,12
162,161909,11,12,100.0,I,57.0,12
162,161909,11,12,100.0,R,1812.0,12
163,161924,11,12,100.0,D,77.0,12
163,161924,11,12,100.0,I,10.0,12
163,161924,11,12,100.0,R,309.0,12
164,161923,11,12,100.0,D,434.0,12
164,161923,11,12,100.0,I,46.0,12
164,161923,11,12,100.0,R,1273.0,12
165,50904,11,12,100.0,D,121.0,12
165,50904,11,12,100.0,I,18.0,12
165,50904,11,12,100.0,R,527.0,12
166,161901,11,12,100.0,D,120.0,12
166,161901,11,12,100.0,I,20.0,12
166,161901,11,12,100.0,R,1100.0,12
171,175911,11,12,99.94334555428806,D,208.0,12
171,175911,11,12,99.94334555428806,I,31.0,12
171,175911,11,12,99.94334555428806,R,724.0,12
172,175910,11,12,100.0,D,270.0,12
172,175910,11,12,100.0,I,35.0,12
172,175910,11,12,100.0,R,1038.0,12
173,175907,11,12,99.96052469804978,D,414.0,12
173,175907,11,12,99.96052469804978,I,36.0,12
173,175907,11,12,99.96052469804978,R,1255.0,12
186,167904,11,12,99.49665491333953,I,12.0,12
186,167904,11,12,99.49665491333953,R,218.0,12
187,167902,11,12,99.21969097615056,I,21.0,12
187,167902,11,12,99.21969097615056,R,415.0,12
352,81906,11,12,99.95725708323798,D,73.0,12
352,81906,11,12,99.95725708323798,I,7.0,12
352,81906,11,12,99.95725708323798,R,337.0,12
353,81905,11,12,100.0,D,126.0,12
353,81905,11,12,100.0,I,14.0,12
353,81905,11,12,100.0,R,606.0,12
354,81904,11,12,99.99747624364302,D,371.0,12
354,81904,11,12,99.99747624364302,I,39.0,12
354,81904,11,12,99.99747624364302,R,1656.0,12
356,147903,11,12,100.0,D,907.0,12
356,147903,11,12,100.0,I,61.0,12
356,147903,11,12,100.0,R,2140.0,12
357,81902,11,12,99.94663098505595,D,720.0,12
357,81902,11,12,99.94663098505595,I,100.0,12
357,81902,11,12,99.94663098505595,R,3215.0,12
358,175903,11,12,99.98431821732188,D,2054.0,12
358,175903,11,12,99.98431821732188,I,176.0,12
358,175903,11,12,99.98431821732188,R,5538.0,12
397,73904,11,12,100.0,D,11.0,12
397,73904,11,12,100.0,I,2.0,12
397,73904,11,12,100.0,R,117.0,12
398,161922,11,12,100.0,D,1035.0,12
398,161922,11,12,100.0,I,150.0,12
398,161922,11,12,100.0,R,3734.0,12
399,161912,11,12,100.0,D,154.0,12
399,161912,11,12,100.0,I,21.0,12
399,161912,11,12,100.0,R,789.0,12
400,161908,11,12,100.0,D,251.0,12
400,161908,11,12,100.0,I,23.0,12
400,161908,11,12,100.0,R,819.0,12
401,73903,11,12,99.9882922403676,D,904.0,12
401,73903,11,12,99.9882922403676,I,35.0,12
401,73903,11,12,99.9882922403676,R,1221.0,12
402,161907,11,12,100.0,D,541.0,12
402,161907,11,12,100.0,I,82.0,12
402,161907,11,12,100.0,R,2538.0,12
403,147902,11,12,99.99770141292676,D,607.0,12
403,147902,11,12,99.99770141292676,I,86.0,12
403,147902,11,12,99.99770141292676,R,3053.0,12
471,14909,11,12,100.0,D,5104.0,12
471,14909,11,12,100.0,I,619.0,12
471,14909,11,12,100.0,R,8960.0,12
472,14908,11,12,99.57104926599352,D,637.0,12
472,14908,11,12,99.57104926599352,I,160.0,12
472,14908,11,12,99.57104926599352,R,3043.0,12
473,14907,11,12,99.84633030983781,D,222.0,12
473,14907,11,12,99.84633030983781,I,64.0,12
473,14907,11,12,99.84633030983781,R,1314.0,12
474,14905,11,12,100.0,D,173.0,12
474,14905,11,12,100.0,I,50.0,12
474,14905,11,12,100.0,R,974.0,12
475,14903,11,12,100.0,D,4132.0,12
475,14903,11,12,100.0,I,868.0,12
475,14903,11,12,100.0,R,14308.0,12
476,14901,11,12,100.0,D,426.0,12
476,14901,11,12,100.0,I,96.0,12
476,14901,11,12,100.0,R,1853.0,12
478,14902,11,12,99.32066164891505,D,228.0,12
478,14902,11,12,99.32066164891505,I,31.0,12
478,14902,11,12,99.32066164891505,R,652.0,12
479,14910,11,12,100.0,D,691.0,12
479,14910,11,12,100.0,I,140.0,12
479,14910,11,12,100.0,R,2681.0,12
480,73905,11,12,99.64639169061532,D,361.0,12
480,73905,11,12,99.64639169061532,I,48.0,12
480,73905,11,12,99.64639169061532,R,1476.0,12
481,161919,11,12,100.0,D,284.0,12
481,161919,11,12,100.0,I,58.0,12
481,161919,11,12,100.0,R,1369.0,12
482,161910,11,12,100.0,D,265.0,12
482,161910,11,12,100.0,I,73.0,12
482,161910,11,12,100.0,R,1608.0,12
483,141901,11,12,99.99278022609974,D,1433.0,12
483,141901,11,12,99.99278022609974,I,281.0,12
483,141901,11,12,99.99278022609974,R,6095.0,12
484,14906,11,12,99.76483242692787,D,21750.0,12
484,14906,11,12,99.76483242692787,I,1891.0,12
484,14906,11,12,99.76483242692787,R,21398.0,12
485,50902,11,12,100.0,D,1147.0,12
485,50902,11,12,100.0,I,188.0,12
485,50902,11,12,100.0,R,4762.0,12
486,50910,11,12,100.0,D,2568.0,12
486,50910,11,12,100.0,I,353.0,12
486,50910,11,12,100.0,R,4586.0,12
516,18905,11,12,99.97309977953537,D,92.0,12
516,18905,11,12,99.97309977953537,I,9.0,12
516,18905,11,12,99.97309977953537,R,347.0,12
517,167901,11,12,99.97580299764269,D,12.0,12
517,167901,11,12,99.97580299764269,I,84.0,12
517,167901,11,12,99.97580299764269,R,1353.0,12
731,161920,11,12,100.0,D,729.0,12
731,161920,11,12,100.0,I,116.0,12
731,161920,11,12,100.0,R,3599.0,12
732,18904,11,12,100.0,D,277.0,12
732,18904,11,12,100.0,I,41.0,12
732,18904,11,12,100.0,R,1495.0,12
736,175902,11,12,99.99952849004934,D,286.0,12
736,175902,11,12,99.99952849004934,I,42.0,12
736,175902,11,12,99.99952849004934,R,1403.0,12
737,175905,11,12,99.13432803954774,D,145.0,12
737,175905,11,12,99.13432803954774,I,16.0,12
737,175905,11,12,99.13432803954774,R,582.0,12
738,109907,11,12,99.76617128113807,D,288.0,12
738,109907,11,12,99.76617128113807,I,26.0,12
738,109907,11,12,99.76617128113807,R,940.0,12
741,109903,11,12,99.98499600453465,D,88.0,12
741,109903,11,12,99.98499600453465,I,14.0,12
741,109903,11,12,99.98499600453465,R,419.0,12
742,109911,11,12,100.0,D,651.0,12
742,109911,11,12,100.0,I,79.0,12
742,109911,11,12,100.0,R,3194.0,12
743,109913,11,12,99.98769040622473,D,125.0,12
743,109913,11,12,99.98769040622473,I,13.0,12
743,109913,11,12,99.98769040622473,R,652.0,12
744,18903,11,12,100.0,D,58.0,12
744,18903,11,12,100.0,I,6.0,12
744,18903,11,12,100.0,R,277.0,12
745,18902,11,12,100.0,D,199.0,12
745,18902,11,12,100.0,I,29.0,12
745,18902,11,12,100.0,R,1034.0,12
746,18901,11,12,100.0,D,399.0,12
746,18901,11,12,100.0,I,54.0,12
746,18901,11,12,100.0,R,1953.0,12
747,18907,11,12,99.99252867040455,D,176.0,12
747,18907,11,12,99.99252867040455,I,18.0,12
747,18907,11,12,99.99252867040455,R,732.0,12
748,175904,11,12,100.0,D,251.0,12
748,175904,11,12,100.0,I,31.0,12
748,175904,11,12,100.0,R,1055.0,12
749,109908,11,12,100.0,D,45.0,12
749,109908,11,12,100.0,I,3.0,12
749,109908,11,12,100.0,R,182.0,12
750,147901,11,12,100.0,D,139.0,12
750,147901,11,12,100.0,I,10.0,12
750,147901,11,12,100.0,R,377.0,12
751,109905,11,12,100.0,D,170.0,12
751,109905,11,12,100.0,I,14.0,12
751,109905,11,12,100.0,R,578.0,12
752,109902,11,12,99.85301806610688,D,108.0,12
752,109902,11,12,99.85301806610688,I,14.0,12
752,109902,11,12,99.85301806610688,R,457.0,12
753,109904,11,12,99.85728002840729,D,696.0,12
753,109904,11,12,99.85728002840729,I,73.0,12
753,109904,11,12,99.85728002840729,R,1825.0,12
819,161916,11,12,100.0,D,500.0,12
819,161916,11,12,100.0,I,75.0,12
819,161916,11,12,100.0,R,2554.0,12
820,109910,11,12,100.0,D,68.0,12
820,109910,11,12,100.0,I,7.0,12
820,109910,11,12,100.0,R,204.0,12
821,161918,11,12,100.0,D,167.0,12
821,161918,11,12,100.0,I,45.0,12
821,161918,11,12,100.0,R,1032.0,12
822,161906,11,12,100.0,D,1904.0,12
822,161906,11,12,100.0,I,108.0,12
822,161906,11,12,100.0,R,1579.0,12
823,161921,11,12,100.0,D,1313.0,12
823,161921,11,12,100.0,I,101.0,12
823,161921,11,12,100.0,R,2385.0,12
824,109914,11,12,100.0,D,41.0,12
824,109914,11,12,100.0,I,6.0,12
824,109914,11,12,100.0,R,207.0,12
825,109912,11,12,100.0,D,81.0,12
825,109912,11,12,100.0,I,17.0,12
825,109912,11,12,100.0,R,581.0,12
826,109901,11,12,100.0,D,103.0,12
826,109901,11,12,100.0,I,15.0,12
826,109901,11,12,100.0,R,538.0,12
827,161925,11,12,100.0,D,76.0,12
827,161925,11,12,100.0,I,9.0,12
827,161925,11,12,100.0,R,404.0,12
1,198901,5,06,99.46303877127191,D,187.0,06
1,198901,5,06,99.46303877127191,I,17.0,06
1,198901,5,06,99.46303877127191,R,668.0,06
22,228905,5,06,99.89037878866391,,,06
23,228903,5,06,100.0,,,06
24,113906,5,06,99.95970651370394,,,06
134,113903,5,06,100.0,,,06
135,113905,5,06,100.0,,,06
136,113902,5,06,99.93235733751557,,,06
137,113901,5,06,100.0,,,06
167,154903,5,06,100.0,,,06
168,145906,5,06,100.0,R,2.0,06
243,145902,5,06,100.0,D,34.0,06
243,145902,5,06,100.0,I,10.0,06
243,145902,5,06,100.0,R,303.0,06
263,166904,5,06,99.16398756421869,D,719.0,06
263,166904,5,06,99.16398756421869,I,84.0,06
263,166904,5,06,99.16398756421869,R,2043.0,06
264,166903,5,06,100.0,D,242.0,06
264,166903,5,06,100.0,I,28.0,06
264,166903,5,06,100.0,R,954.0,06
265,166902,5,06,100.0,D,73.0,06
265,166902,5,06,100.0,I,6.0,06
265,166902,5,06,100.0,R,326.0,06
266,166901,5,06,99.74413890090827,D,497.0,06
266,166901,5,06,99.74413890090827,I,66.0,06
266,166901,5,06,99.74413890090827,R,1621.0,06
267,166907,5,06,99.25060701937882,D,35.0,06
267,166907,5,06,99.25060701937882,I,10.0,06
267,166907,5,06,99.25060701937882,R,193.0,06
296,236901,5,06,100.0,,,06
297,236902,5,06,100.0,,,06
324,170904,5,06,99.99903645543692,,,06
325,170907,5,06,99.86262061127701,,,06
326,170903,5,06,100.0,,,06
327,93905,5,06,100.0,,,06
355,145907,5,06,99.86952600536706,D,159.0,06
355,145907,5,06,99.86952600536706,I,15.0,06
355,145907,5,06,99.86952600536706,R,421.0,06
359,145901,5,06,99.98480717746095,D,225.0,06
359,145901,5,06,99.98480717746095,I,52.0,06
359,145901,5,06,99.98480717746095,R,1645.0,06
381,93903,5,06,100.0,,,06
382,93901,5,06,100.0,,,06
383,154901,5,06,100.0,,,06
531,198906,5,06,100.0,D,36.0,06
531,198906,5,06,100.0,I,2.0,06
531,198906,5,06,100.0,R,85.0,06
532,198905,5,06,100.0,D,591.0,06
532,198905,5,06,100.0,I,35.0,06
532,198905,5,06,100.0,R,982.0,06
533,198903,5,06,99.9989123527282,D,508.0,06
533,198903,5,06,99.9989123527282,I,49.0,06
533,198903,5,06,99.9989123527282,R,2275.0,06
534,198902,5,06,99.99830572140243,D,646.0,06
534,198902,5,06,99.99830572140243,I,24.0,06
534,198902,5,06,99.99830572140243,R,529.0,06
535,145911,5,06,99.99996237348996,D,147.0,06
535,145911,5,06,99.99996237348996,I,31.0,06
535,145911,5,06,99.99996237348996,R,1459.0,06
616,239903,5,06,99.93895660308209,D,197.0,06
616,239903,5,06,99.93895660308209,I,49.0,06
616,239903,5,06,99.93895660308209,R,1454.0,06
619,8901,5,06,99.94622679898247,D,784.0,06
619,8901,5,06,99.94622679898247,I,143.0,06
619,8901,5,06,99.94622679898247,R,5212.0,06
620,26903,5,06,100.0,D,393.0,06
620,26903,5,06,100.0,I,26.0,06
620,26903,5,06,100.0,R,1160.0,06
621,26902,5,06,99.96051414777078,D,261.0,06
621,26902,5,06,99.96051414777078,I,24.0,06
621,26902,5,06,99.96051414777078,R,987.0,06
622,26901,5,06,99.96783109360338,D,727.0,06
622,26901,5,06,99.96783109360338,I,88.0,06
622,26901,5,06,99.96783109360338,R,3256.0,06
623,21902,5,06,100.0,D,9187.0,06
623,21902,5,06,100.0,I,1268.0,06
623,21902,5,06,100.0,R,19117.0,06
624,21901,5,06,100.0,D,10043.0,06
624,21901,5,06,100.0,I,1732.0,06
624,21901,5,06,100.0,R,23060.0,06
625,239901,5,06,99.80708396280023,D,2697.0,06
625,239901,5,06,99.80708396280023,I,313.0,06
625,239901,5,06,99.80708396280023,R,9928.0,06
631,93904,5,06,99.90338612349136,D,170.0,06
631,93904,5,06,99.90338612349136,I,34.0,06
631,93904,5,06,99.90338612349136,R,969.0,06
638,170908,5,06,99.94526790593928,D,67.0,06
638,170908,5,06,99.94526790593928,I,9.0,06
638,170908,5,06,99.94526790593928,R,219.0,06
642,170906,5,06,99.77504021757322,,,06
643,170902,5,06,99.9541808410724,,,06
657,8903,5,06,99.07591335462946,D,345.0,06
657,8903,5,06,99.07591335462946,I,15.0,06
657,8903,5,06,99.07591335462946,R,1156.0,06
658,8902,5,06,99.79957402605044,D,978.0,06
658,8902,5,06,99.79957402605044,I,133.0,06
658,8902,5,06,99.79957402605044,R,4053.0,06
673,187910,5,06,100.0,I,129.0,06
673,187910,5,06,100.0,R,1707.0,06
674,187903,5,06,100.0,I,195.0,06
674,187903,5,06,100.0,R,1418.0,06
675,187901,5,06,99.98883153014002,I,58.0,06
675,187901,5,06,99.98883153014002,R,793.0,06
676,204904,5,06,99.99339956504878,,,06
677,204901,5,06,99.99496801725167,,,06
678,228904,5,06,99.9872106092642,,,06
679,228901,5,06,100.0,,,06
680,187907,5,06,99.9998235639304,I,1015.0,06
680,187907,5,06,99.9998235639304,R,9235.0,06
683,187906,5,06,95.49169078401178,I,56.0,06
683,187906,5,06,95.49169078401178,R,599.0,06
684,187904,5,06,98.05785588569326,I,116.0,06
684,187904,5,06,98.05785588569326,R,1409.0,06
3,63906,16,17,100.0,I,7.0,17
3,63906,16,17,100.0,R,169.0,17
4,63903,16,17,100.0,I,14.0,17
4,63903,16,17,100.0,R,322.0,17
32,140907,16,17,99.97111253932152,I,18.0,17
32,140907,16,17,99.97111253932152,R,288.0,17
33,85902,16,17,99.99996800135666,I,85.0,17
33,85902,16,17,99.99996800135666,R,1108.0,17
34,153904,16,17,100.0,I,56.0,17
34,153904,16,17,100.0,R,587.0,17
35,153903,16,17,100.0,I,46.0,17
35,153903,16,17,100.0,R,430.0,17
36,58902,16,17,100.0,I,7.0,17
36,58902,16,17,100.0,R,93.0,17
68,58906,16,17,100.0,I,125.0,17
68,58906,16,17,100.0,R,1412.0,17
69,58905,16,17,99.99755234816344,I,104.0,17
69,58905,16,17,99.99755234816344,R,1227.0,17
131,223902,16,17,100.0,I,48.0,17
131,223902,16,17,100.0,R,275.0,17
132,223904,16,17,100.0,I,43.0,17
132,223904,16,17,100.0,R,371.0,17
133,83902,16,17,100.0,I,10.0,17
133,83902,16,17,100.0,R,185.0,17
175,132902,16,17,99.99900990455858,I,32.0,17
175,132902,16,17,99.99900990455858,R,335.0,17
221,17901,16,17,99.99811772790682,I,14.0,17
221,17901,16,17,99.99811772790682,R,338.0,17
223,58909,16,17,99.93784425801081,I,9.0,17
223,58909,16,17,99.93784425801081,R,220.0,17
227,95905,16,17,99.9990146898086,I,634.0,17
227,95905,16,17,99.9990146898086,R,5147.0,17
228,173901,16,17,99.99946288679047,I,29.0,17
228,173901,16,17,99.99946288679047,R,566.0,17
229,77902,16,17,99.99573972901219,I,37.0,17
229,77902,16,17,99.99573972901219,R,571.0,17
230,77901,16,17,99.99987982106157,I,64.0,17
230,77901,16,17,99.99987982106157,R,865.0,17
250,140904,16,17,100.0,I,166.0,17
250,140904,16,17,100.0,R,1432.0,17
251,140901,16,17,100.0,I,44.0,17
251,140901,16,17,100.0,R,310.0,17
257,83903,16,17,99.99950985907812,I,201.0,17
257,83903,16,17,99.99950985907812,R,3353.0,17
287,135001,16,17,99.99948972673174,I,5.0,17
287,135001,16,17,99.99948972673174,R,90.0,17
311,54903,16,17,100.0,I,54.0,17
311,54903,16,17,100.0,R,510.0,17
312,54901,16,17,100.0,I,63.0,17
312,54901,16,17,100.0,R,565.0,17
346,40902,16,17,99.99866805858967,I,75.0,17
346,40902,16,17,99.99866805858967,R,635.0,17
347,40901,16,17,99.99906975602987,I,53.0,17
347,40901,16,17,99.99906975602987,R,394.0,17
375,251902,16,17,99.99597465635132,I,88.0,17
375,251902,16,17,99.99597465635132,R,972.0,17
376,251901,16,17,99.99999424199825,I,87.0,17
376,251901,16,17,99.99999424199825,R,826.0,17
377,223901,16,17,100.0,I,238.0,17
377,223901,16,17,100.0,R,1857.0,17
378,83901,16,17,100.0,I,56.0,17
378,83901,16,17,100.0,R,535.0,17
494,9901,16,17,99.98354504318986,I,67.0,17
494,9901,16,17,99.98354504318986,R,1048.0,17
495,140908,16,17,99.99684264586993,I,67.0,17
495,140908,16,17,99.99684264586993,R,731.0,17
513,110908,16,17,100.0,I,42.0,17
513,110908,16,17,100.0,R,351.0,17
514,110907,16,17,100.0,I,39.0,17
514,110907,16,17,100.0,R,490.0,17
515,110902,16,17,100.0,I,313.0,17
515,110902,16,17,100.0,R,2838.0,17
539,51901,16,17,99.99590389611737,I,41.0,17
539,51901,16,17,99.99590389611737,R,459.0,17
766,140905,16,17,99.99782074567602,I,68.0,17
766,140905,16,17,99.99782074567602,R,727.0,17
767,95903,16,17,100.0,I,41.0,17
767,95903,16,17,100.0,R,424.0,17
768,95902,16,17,100.0,I,29.0,17
768,95902,16,17,100.0,R,304.0,17
769,110901,16,17,100.0,I,47.0,17
769,110901,16,17,100.0,R,398.0,17
770,110905,16,17,100.0,I,62.0,17
770,110905,16,17,100.0,R,645.0,17
771,110906,16,17,100.0,I,36.0,17
771,110906,16,17,100.0,R,400.0,17
772,95901,16,17,100.0,I,75.0,17
772,95901,16,17,100.0,R,967.0,17
773,95904,16,17,100.0,I,59.0,17
773,95904,16,17,100.0,R,472.0,17
774,153905,16,17,100.0,I,24.0,17
774,153905,16,17,100.0,R,365.0,17
775,152909,16,17,100.0,I,142.0,17
775,152909,16,17,100.0,R,1635.0,17
776,152902,16,17,100.0,I,166.0,17
776,152902,16,17,100.0,R,1519.0,17
777,152907,16,17,100.0,I,2170.0,17
777,152907,16,17,100.0,R,15535.0,17
778,152901,16,17,100.0,I,9755.0,17
778,152901,16,17,100.0,R,38125.0,17
779,152910,16,17,100.0,I,130.0,17
779,152910,16,17,100.0,R,1138.0,17
780,152903,16,17,100.0,I,189.0,17
780,152903,16,17,100.0,R,1242.0,17
781,153907,16,17,100.0,I,32.0,17
781,153907,16,17,100.0,R,317.0,17
782,85903,16,17,100.0,I,12.0,17
782,85903,16,17,100.0,R,149.0,17
783,152908,16,17,100.0,I,189.0,17
783,152908,16,17,100.0,R,1361.0,17
784,54902,16,17,100.0,I,63.0,17
784,54902,16,17,100.0,R,525.0,17
785,152906,16,17,100.0,I,1141.0,17
785,152906,16,17,100.0,R,10997.0,17
2,96904,15,16,99.99998586712186,I,64.0,16
2,96904,15,16,99.99998586712186,R,811.0,16
37,23902,15,16,99.99913859156013,I,32.0,16
37,23902,15,16,99.99913859156013,R,435.0,16
38,35903,15,16,100.0,I,4.0,16
38,35903,15,16,100.0,R,191.0,16
39,35902,15,16,99.98189212300345,I,43.0,16
39,35902,15,16,99.98189212300345,R,177.0,16
40,35901,15,16,99.99766129282555,I,137.0,16
40,35901,15,16,99.99766129282555,R,914.0,16
64,33902,15,16,100.0,I,120.0,16
64,33902,15,16,100.0,R,1584.0,16
65,117903,15,16,100.0,I,107.0,16
65,117903,15,16,100.0,R,1234.0,16
85,98903,15,16,100.0,I,34.0,16
85,98903,15,16,100.0,R,633.0,16
86,117904,15,16,100.0,I,224.0,16
86,117904,15,16,100.0,R,2449.0,16
87,117907,15,16,100.0,I,73.0,16
87,117907,15,16,100.0,R,834.0,16
88,117901,15,16,100.0,I,177.0,16
88,117901,15,16,100.0,R,2056.0,16
89,98904,15,16,99.99998284014,I,107.0,16
89,98904,15,16,99.99998284014,R,1458.0,16
119,44902,15,16,99.9986870394862,I,66.0,16
119,44902,15,16,99.9986870394862,R,1140.0,16
126,171902,15,16,100.0,I,29.0,16
126,171902,15,16,100.0,R,409.0,16
127,171901,15,16,100.0,I,386.0,16
127,171901,15,16,100.0,R,3832.0,16
142,106901,15,16,99.99987723801372,I,109.0,16
142,106901,15,16,99.99987723801372,R,1359.0,16
143,148901,15,16,99.99975698486958,I,18.0,16
143,148901,15,16,99.99975698486958,R,295.0,16
146,103902,15,16,100.0,I,21.0,16
146,103902,15,16,100.0,R,332.0,16
147,103901,15,16,99.99996824393965,I,33.0,16
147,103901,15,16,99.99996824393965,R,671.0,16
148,56901,15,16,100.0,I,147.0,16
148,56901,15,16,100.0,R,2064.0,16
174,65902,15,16,100.0,I,26.0,16
174,65902,15,16,100.0,R,248.0,16
226,96905,15,16,99.992765282515,I,18.0,16
226,96905,15,16,99.992765282515,R,286.0,16
241,180904,15,16,100.0,I,96.0,16
241,180904,15,16,100.0,R,892.0,16
242,191901,15,16,100.0,I,2124.0,16
242,191901,15,16,100.0,R,19879.0,16
252,56902,15,16,99.99992483505986,I,19.0,16
252,56902,15,16,99.99992483505986,R,264.0,16
253,242905,15,16,99.98706552401549,I,9.0,16
253,242905,15,16,99.98706552401549,R,169.0,16
254,242902,15,16,99.99377284608103,I,55.0,16
254,242902,15,16,99.99377284608103,R,839.0,16
284,180901,15,16,100.0,,,16
285,180902,15,16,100.0,I,39.0,16
285,180902,15,16,100.0,R,534.0,16
286,180903,15,16,99.99914640621445,I,52.0,16
286,180903,15,16,99.99914640621445,R,341.0,16
289,59902,15,16,99.97992779372655,I,138.0,16
289,59902,15,16,99.97992779372655,R,1463.0,16
336,219903,15,16,100.0,I,96.0,16
336,219903,15,16,100.0,R,1047.0,16
337,219905,15,16,99.99843915976405,I,23.0,16
337,219905,15,16,99.99843915976405,R,284.0,16
348,185904,15,16,99.99916784846882,I,11.0,16
348,185904,15,16,99.99916784846882,R,208.0,16
349,59901,15,16,100.0,I,163.0,16
349,59901,15,16,100.0,R,1411.0,16
350,185903,15,16,99.99635844255806,I,121.0,16
350,185903,15,16,99.99635844255806,R,942.0,16
351,185901,15,16,99.98476460654963,I,56.0,16
351,185901,15,16,99.98476460654963,R,302.0,16
362,33904,15,16,100.0,I,96.0,16
362,33904,15,16,100.0,R,758.0,16
363,242903,15,16,100.0,I,41.0,16
363,242903,15,16,100.0,R,632.0,16
364,90904,15,16,100.0,I,604.0,16
364,90904,15,16,100.0,R,5352.0,16
367,197902,15,16,100.0,I,29.0,16
367,197902,15,16,100.0,R,474.0,16
368,90902,15,16,100.0,I,20.0,16
368,90902,15,16,100.0,R,215.0,16
369,90905,15,16,100.0,I,17.0,16
369,90905,15,16,100.0,R,136.0,16
370,242906,15,16,99.95439937352273,I,35.0,16
370,242906,15,16,99.95439937352273,R,533.0,16
371,90903,15,16,100.0,I,38.0,16
371,90903,15,16,100.0,R,498.0,16
374,38901,15,16,99.98724591110091,I,90.0,16
374,38901,15,16,99.98724591110091,R,1593.0,16
413,148903,15,16,99.9996324930905,I,28.0,16
413,148903,15,16,99.9996324930905,R,241.0,16
414,148902,15,16,99.97852106609983,I,7.0,16
414,148902,15,16,99.97852106609983,R,257.0,16
415,148905,15,16,99.99282609209263,I,13.0,16
415,148905,15,16,99.99282609209263,R,261.0,16
417,211901,15,16,99.99967702047206,I,4.0,16
417,211901,15,16,99.99967702047206,R,142.0,16
418,98901,15,16,99.99997822402192,I,45.0,16
418,98901,15,16,99.99997822402192,R,608.0,16
429,188904,15,16,100.0,I,670.0,16
429,188904,15,16,100.0,R,6860.0,16
430,188902,15,16,100.0,I,91.0,16
430,188902,15,16,100.0,R,937.0,16
431,188903,15,16,100.0,I,127.0,16
431,188903,15,16,100.0,R,837.0,16
432,188901,15,16,100.0,I,5743.0,16
432,188901,15,16,100.0,R,37535.0,16
459,6902,15,16,100.0,I,87.0,16
459,6902,15,16,100.0,R,813.0,16
460,33901,15,16,100.0,I,37.0,16
460,33901,15,16,100.0,R,396.0,16
461,65901,15,16,100.0,I,106.0,16
461,65901,15,16,100.0,R,1009.0,16
462,219901,15,16,100.0,I,167.0,16
462,219901,15,16,100.0,R,1554.0,16
496,185902,15,16,99.97595265311196,I,51.0,16
496,185902,15,16,99.97595265311196,R,645.0,16
542,211902,15,16,99.999939025769,I,46.0,16
542,211902,15,16,99.999939025769,R,675.0,16
543,179901,15,16,99.99122962911089,I,173.0,16
543,179901,15,16,99.99122962911089,R,2217.0,16
5,91906,9,10,100.0,I,1640.0,10
5,91906,9,10,100.0,R,8162.0,10
6,91914,9,10,100.0,I,255.0,10
6,91914,9,10,100.0,R,2380.0,10
7,91913,9,10,99.99974875601956,I,362.0,10
7,91913,9,10,99.99974875601956,R,3099.0,10
8,70912,9,10,100.0,D,4515.0,10
8,70912,9,10,100.0,I,550.0,10
8,70912,9,10,100.0,R,14113.0,10
9,70911,9,10,100.0,D,3250.0,10
9,70911,9,10,100.0,I,302.0,10
9,70911,9,10,100.0,R,6625.0,10
10,70910,9,10,100.0,D,355.0,10
10,70910,9,10,100.0,I,62.0,10
10,70910,9,10,100.0,R,1369.0,10
11,70903,9,10,99.95039665045749,D,2313.0,10
11,70903,9,10,99.95039665045749,I,313.0,10
11,70903,9,10,99.95039665045749,R,5883.0,10
12,91903,9,10,99.97026967622698,I,1057.0,10
12,91903,9,10,99.97026967622698,R,6186.0,10
13,91901,9,10,100.0,I,96.0,10
13,91901,9,10,100.0,R,990.0,10
14,91909,9,10,99.9151815219484,I,276.0,10
14,91909,9,10,99.9151815219484,R,3169.0,10
15,91902,9,10,99.97561898634615,I,89.0,10
15,91902,9,10,99.97561898634615,R,1037.0,10
129,129910,9,10,100.0,I,120.0,10
129,129910,9,10,100.0,R,1480.0,10
130,129904,9,10,99.93931734246082,I,314.0,10
130,129904,9,10,99.93931734246082,R,3406.0,10
213,57913,9,10,100.0,D,12168.0,10
213,57913,9,10,100.0,I,324.0,10
213,57913,9,10,100.0,R,1634.0,10
214,57911,9,10,100.0,I,2341.0,10
214,57911,9,10,100.0,R,14258.0,10
215,57907,9,10,100.0,D,15985.0,10
215,57907,9,10,100.0,I,781.0,10
215,57907,9,10,100.0,R,7110.0,10
216,57906,9,10,100.0,D,20202.0,10
216,57906,9,10,100.0,I,470.0,10
216,57906,9,10,100.0,R,3364.0,10
217,70905,9,10,100.0,D,928.0,10
217,70905,9,10,100.0,I,86.0,10
217,70905,9,10,100.0,R,2035.0,10
395,234902,9,10,99.93868113502621,I,405.0,10
395,234902,9,10,99.93868113502621,R,4061.0,10
396,129905,9,10,99.94106665749011,I,481.0,10
396,129905,9,10,99.94106665749011,R,5043.0,10
498,74911,9,10,99.9758973021447,I,34.0,10
498,74911,9,10,99.9758973021447,R,594.0,10
548,91918,9,10,100.0,I,166.0,10
548,91918,9,10,100.0,R,1648.0,10
549,91905,9,10,100.0,I,268.0,10
549,91905,9,10,100.0,R,1800.0,10
550,57916,9,10,100.0,D,69.0,10
550,57916,9,10,100.0,I,21099.0,10
550,57916,9,10,100.0,R,45517.0,10
551,57914,9,10,100.0,D,66.0,10
551,57914,9,10,100.0,I,11381.0,10
551,57914,9,10,100.0,R,22443.0,10
552,129901,9,10,100.0,I,461.0,10
552,129901,9,10,100.0,R,4157.0,10
553,57919,9,10,100.0,I,431.0,10
553,57919,9,10,100.0,R,2358.0,10
580,57909,9,10,100.0,I,19592.0,10
580,57909,9,10,100.0,R,49927.0,10
581,43919,9,10,100.0,D,947.0,10
581,43919,9,10,100.0,I,197.0,10
581,43919,9,10,100.0,R,3944.0,10
589,74917,9,10,99.98934754336952,I,90.0,10
589,74917,9,10,99.98934754336952,R,944.0,10
590,74905,9,10,100.0,I,29.0,10
590,74905,9,10,100.0,R,339.0,10
591,74904,9,10,100.0,I,63.0,10
591,74904,9,10,100.0,R,495.0,10
626,43902,9,10,100.0,D,481.0,10
626,43902,9,10,100.0,I,492.0,10
626,43902,9,10,100.0,R,3422.0,10
627,91910,9,10,100.0,I,168.0,10
627,91910,9,10,100.0,R,1605.0,10
628,91908,9,10,100.0,I,361.0,10
628,91908,9,10,100.0,R,2709.0,10
629,43908,9,10,100.0,D,699.0,10
629,43908,9,10,100.0,I,164.0,10
629,43908,9,10,100.0,R,2775.0,10
734,70907,9,10,99.99996842683801,D,264.0,10
734,70907,9,10,99.99996842683801,I,29.0,10
734,70907,9,10,99.99996842683801,R,772.0,10
735,70901,9,10,99.99999101097688,D,35.0,10
735,70901,9,10,99.99999101097688,I,8.0,10
735,70901,9,10,99.99999101097688,R,210.0,10
739,70909,9,10,98.6563855171792,D,112.0,10
739,70909,9,10,98.6563855171792,I,6.0,10
739,70909,9,10,98.6563855171792,R,282.0,10
740,70915,9,10,99.99954596421237,D,292.0,10
740,70915,9,10,99.99954596421237,I,59.0,10
740,70915,9,10,99.99954596421237,R,1854.0,10
838,57912,9,10,99.99553105154733,D,19631.0,10
838,57912,9,10,99.99553105154733,I,886.0,10
838,57912,9,10,99.99553105154733,R,15695.0,10
839,57905,9,10,100.0,D,133304.0,10
839,57905,9,10,100.0,I,36186.0,10
839,57905,9,10,100.0,R,98047.0,10
840,91907,9,10,99.94591874402718,I,48.0,10
840,91907,9,10,99.94591874402718,R,522.0,10
842,91917,9,10,100.0,I,130.0,10
842,91917,9,10,100.0,R,1240.0,10
843,43903,9,10,99.45929248712378,D,250.0,10
843,43903,9,10,99.45929248712378,I,402.0,10
843,43903,9,10,99.45929248712378,R,4033.0,10
844,43901,9,10,100.0,D,13873.0,10
844,43901,9,10,100.0,I,1638.0,10
844,43901,9,10,100.0,R,23316.0,10
845,43907,9,10,100.0,D,14713.0,10
845,43907,9,10,100.0,I,2131.0,10
845,43907,9,10,100.0,R,34140.0,10
848,57922,9,10,99.8416541794221,D,6889.0,10
848,57922,9,10,99.8416541794221,I,689.0,10
848,57922,9,10,99.8416541794221,R,10970.0,10
849,57903,9,10,99.9230714512305,D,26289.0,10
849,57903,9,10,99.9230714512305,I,2753.0,10
849,57903,9,10,99.9230714512305,R,25246.0,10
850,43910,9,10,100.0,D,50694.0,10
850,43910,9,10,100.0,I,5872.0,10
850,43910,9,10,100.0,R,75839.0,10
858,43912,9,10,99.68531109674501,D,4021.0,10
858,43912,9,10,99.68531109674501,I,669.0,10
858,43912,9,10,99.68531109674501,R,12349.0,10
859,43905,9,10,99.69374363122874,D,28116.0,10
859,43905,9,10,99.69374363122874,I,2957.0,10
859,43905,9,10,99.69374363122874,R,48044.0,10
898,74907,9,10,98.62871006804625,I,136.0,10
898,74907,9,10,98.62871006804625,R,905.0,10
904,43914,9,10,100.0,D,1355.0,10
904,43914,9,10,100.0,I,3726.0,10
904,43914,9,10,100.0,R,15786.0,10
905,43911,9,10,100.0,D,1017.0,10
905,43911,9,10,100.0,I,212.0,10
905,43911,9,10,100.0,R,3521.0,10
955,70908,9,10,99.997348386091,D,2716.0,10
955,70908,9,10,99.997348386091,I,354.0,10
955,70908,9,10,99.997348386091,R,13321.0,10
959,57910,9,10,99.9686202033163,D,16598.0,10
959,57910,9,10,99.9686202033163,I,701.0,10
959,57910,9,10,99.9686202033163,R,11591.0,10
960,57904,9,10,99.99847704548756,D,14478.0,10
960,57904,9,10,99.99847704548756,I,617.0,10
960,57904,9,10,99.99847704548756,R,5236.0,10
967,116910,9,10,99.54298335288783,I,112.0,10
967,116910,9,10,99.54298335288783,R,860.0,10
970,116916,9,10,100.0,I,28.0,10
970,116916,9,10,100.0,R,250.0,10
971,116906,9,10,99.54097848316195,I,197.0,10
971,116906,9,10,99.54097848316195,R,1841.0,10
973,129906,9,10,100.0,I,966.0,10
973,129906,9,10,100.0,R,5563.0,10
974,129903,9,10,100.0,I,445.0,10
974,129903,9,10,100.0,R,4118.0,10
975,116908,9,10,99.99997190788932,I,618.0,10
975,116908,9,10,99.99997190788932,R,4879.0,10
976,234907,9,10,99.9628629556873,I,461.0,10
976,234907,9,10,99.9628629556873,R,4467.0,10
977,129902,9,10,100.0,I,1986.0,10
977,129902,9,10,100.0,R,10713.0,10
978,199902,9,10,100.0,I,1143.0,10
978,199902,9,10,100.0,R,7258.0,10
979,199901,9,10,100.0,I,3854.0,10
979,199901,9,10,100.0,R,25478.0,10
980,74912,9,10,100.0,I,96.0,10
980,74912,9,10,100.0,R,959.0,10
982,116903,9,10,99.88212277418914,I,567.0,10
982,116903,9,10,99.88212277418914,R,1936.0,10
983,74903,9,10,99.44341521040062,I,461.0,10
983,74903,9,10,99.44341521040062,R,3769.0,10
984,116901,9,10,100.0,I,291.0,10
984,116901,9,10,100.0,R,2502.0,10
985,43904,9,10,100.0,D,122.0,10
985,43904,9,10,100.0,I,270.0,10
985,43904,9,10,100.0,R,2617.0,10
986,43918,9,10,100.0,D,64.0,10
986,43918,9,10,100.0,I,561.0,10
986,43918,9,10,100.0,R,3801.0,10
987,116902,9,10,100.0,I,119.0,10
987,116902,9,10,100.0,R,969.0,10
988,116909,9,10,99.98956660320223,I,101.0,10
988,116909,9,10,99.98956660320223,R,1042.0,10
989,74909,9,10,100.0,I,96.0,10
989,74909,9,10,100.0,R,1110.0,10
990,116905,9,10,100.0,I,1277.0,10
990,116905,9,10,100.0,R,7273.0,10
991,116915,9,10,100.0,I,135.0,10
991,116915,9,10,100.0,R,1015.0,10
992,43917,9,10,100.0,D,62.0,10
992,43917,9,10,100.0,I,75.0,10
992,43917,9,10,100.0,R,1054.0,10
95,72908,10,11,99.99628814811575,D,1.0,11
95,72908,10,11,99.99628814811575,I,53.0,11
95,72908,10,11,99.99628814811575,R,828.0,11
101,72909,10,11,97.63232030161835,D,18.0,11
101,72909,10,11,97.63232030161835,I,33.0,11
101,72909,10,11,97.63232030161835,R,558.0,11
149,72901,10,11,99.26418460656065,D,49.0,11
149,72901,10,11,99.26418460656065,I,10.0,11
149,72901,10,11,99.26418460656065,R,371.0,11
150,72903,10,11,99.86987874894496,D,755.0,11
150,72903,10,11,99.86987874894496,I,473.0,11
150,72903,10,11,99.86987874894496,R,5789.0,11
151,182904,10,11,100.0,I,95.0,11
151,182904,10,11,100.0,R,1516.0,11
152,72910,10,11,100.0,I,26.0,11
152,72910,10,11,100.0,R,388.0,11
153,182901,10,11,100.0,I,81.0,11
153,182901,10,11,100.0,R,767.0,11
155,72902,10,11,98.48697068338655,D,113.0,11
155,72902,10,11,98.48697068338655,I,149.0,11
155,72902,10,11,98.48697068338655,R,2252.0,11
205,249906,10,11,100.0,I,212.0,11
205,249906,10,11,100.0,R,2036.0,11
206,249904,10,11,99.99957618792533,I,100.0,11
206,249904,10,11,99.99957618792533,R,1197.0,11
207,249903,10,11,99.9981569833685,I,331.0,11
207,249903,10,11,99.9981569833685,R,3274.0,11
208,184901,10,11,99.2672166061524,D,85.0,11
208,184901,10,11,99.2672166061524,I,58.0,11
208,184901,10,11,99.2672166061524,R,1130.0,11
294,184908,10,11,100.0,D,261.0,11
294,184908,10,11,100.0,I,84.0,11
294,184908,10,11,100.0,R,1909.0,11
295,184911,10,11,99.50297347830666,D,91.0,11
295,184911,10,11,99.50297347830666,I,31.0,11
295,184911,10,11,99.50297347830666,R,705.0,11
300,182905,10,11,99.99758612319744,I,20.0,11
300,182905,10,11,99.99758612319744,R,218.0,11
301,182906,10,11,99.99986694156169,I,47.0,11
301,182906,10,11,99.99986694156169,R,513.0,11
302,182903,10,11,99.99783901912105,D,3.0,11
302,182903,10,11,99.99783901912105,I,490.0,11
302,182903,10,11,99.99783901912105,R,4341.0,11
303,184904,10,11,100.0,D,233.0,11
303,184904,10,11,100.0,I,90.0,11
303,184904,10,11,100.0,R,1971.0,11
333,182902,10,11,99.9858078954998,I,65.0,11
333,182902,10,11,99.9858078954998,R,1086.0,11
503,49908,10,11,99.50026376064443,I,10.0,11
503,49908,10,11,99.50026376064443,R,156.0,11
518,49909,10,11,99.9434431049653,I,18.0,11
518,49909,10,11,99.9434431049653,R,302.0,11
526,49902,10,11,99.98994371454494,I,75.0,11
526,49902,10,11,99.98994371454494,R,1584.0,11
527,49907,10,11,100.0,I,84.0,11
527,49907,10,11,100.0,R,745.0,11
528,49901,10,11,99.97194324144749,I,578.0,11
528,49901,10,11,99.97194324144749,R,4151.0,11
546,72904,10,11,100.0,I,35.0,11
546,72904,10,11,100.0,R,476.0,11
563,111902,10,11,100.0,D,7.0,11
563,111902,10,11,100.0,I,99.0,11
563,111902,10,11,100.0,R,1301.0,11
564,184909,10,11,100.0,D,201.0,11
564,184909,10,11,100.0,I,68.0,11
564,184909,10,11,100.0,R,2157.0,11
565,111903,10,11,100.0,I,151.0,11
565,111903,10,11,100.0,R,1588.0,11
579,213901,10,11,99.94761438148352,D,493.0,11
579,213901,10,11,99.94761438148352,I,108.0,11
579,213901,10,11,99.94761438148352,R,3352.0,11
733,126907,10,11,99.8410754096953,D,238.0,11
733,126907,10,11,99.8410754096953,I,28.0,11
733,126907,10,11,99.8410754096953,R,1365.0,11
841,49905,10,11,99.97173769620544,I,260.0,11
841,49905,10,11,99.97173769620544,R,3140.0,11
847,249901,10,11,98.68816568848932,I,118.0,11
847,249901,10,11,98.68816568848932,R,1571.0,11
851,220919,10,11,100.0,D,3584.0,11
851,220919,10,11,100.0,I,490.0,11
851,220919,10,11,100.0,R,11504.0,11
852,220906,10,11,99.9391051879207,D,10078.0,11
852,220906,10,11,99.9391051879207,I,1640.0,11
852,220906,10,11,99.9391051879207,R,25446.0,11
853,61912,10,11,100.0,D,1980.0,11
853,61912,10,11,100.0,I,341.0,11
853,61912,10,11,100.0,R,5769.0,11
854,61910,10,11,100.0,D,730.0,11
854,61910,10,11,100.0,I,166.0,11
854,61910,10,11,100.0,R,4230.0,11
855,61907,10,11,100.0,D,1621.0,11
855,61907,10,11,100.0,I,243.0,11
855,61907,10,11,100.0,R,4360.0,11
856,61914,10,11,99.67914606261813,D,5230.0,11
856,61914,10,11,99.67914606261813,I,639.0,11
856,61914,10,11,99.67914606261813,R,9168.0,11
857,61902,10,11,99.67805800836577,D,36361.0,11
857,61902,10,11,99.67805800836577,I,4398.0,11
857,61902,10,11,99.67805800836577,R,69416.0,11
860,61908,10,11,100.0,D,930.0,11
860,61908,10,11,100.0,I,191.0,11
860,61908,10,11,100.0,R,4269.0,11
861,249908,10,11,99.96074669929735,D,106.0,11
861,249908,10,11,99.96074669929735,I,94.0,11
861,249908,10,11,99.96074669929735,R,1373.0,11
862,49903,10,11,100.0,I,106.0,11
862,49903,10,11,100.0,R,1116.0,11
863,49906,10,11,99.99994370388937,D,6.0,11
863,49906,10,11,99.99994370388937,I,68.0,11
863,49906,10,11,99.99994370388937,R,894.0,11
864,61903,10,11,99.89941415736048,D,946.0,11
864,61903,10,11,99.89941415736048,I,184.0,11
864,61903,10,11,99.89941415736048,R,3727.0,11
865,61906,10,11,100.0,D,479.0,11
865,61906,10,11,100.0,I,127.0,11
865,61906,10,11,100.0,R,2653.0,11
866,249905,10,11,100.0,D,407.0,11
866,249905,10,11,100.0,I,283.0,11
866,249905,10,11,100.0,R,4571.0,11
867,61905,10,11,100.0,D,588.0,11
867,61905,10,11,100.0,I,127.0,11
867,61905,10,11,100.0,R,2945.0,11
868,61901,10,11,99.96477387085321,D,24601.0,11
868,61901,10,11,99.96477387085321,I,3222.0,11
868,61901,10,11,99.96477387085321,R,37956.0,11
915,111901,10,11,100.0,D,49.0,11
915,111901,10,11,100.0,I,1953.0,11
915,111901,10,11,100.0,R,18761.0,11
916,249902,10,11,100.0,D,155.0,11
916,249902,10,11,100.0,I,167.0,11
916,249902,10,11,100.0,R,2270.0,11
917,184902,10,11,100.0,D,842.0,11
917,184902,10,11,100.0,I,265.0,11
917,184902,10,11,100.0,R,6292.0,11
918,184903,10,11,100.0,D,2773.0,11
918,184903,10,11,100.0,I,732.0,11
918,184903,10,11,100.0,R,16724.0,11
919,220907,10,11,100.0,D,17975.0,11
919,220907,10,11,100.0,I,2498.0,11
919,220907,10,11,100.0,R,46874.0,11
920,61911,10,11,100.0,D,8678.0,11
920,61911,10,11,100.0,I,1568.0,11
920,61911,10,11,100.0,R,30692.0,11
939,220920,10,11,100.0,D,3064.0,11
939,220920,10,11,100.0,I,484.0,11
939,220920,10,11,100.0,R,8006.0,11
940,220910,10,11,100.0,D,1868.0,11
940,220910,10,11,100.0,I,130.0,11
940,220910,10,11,100.0,R,2335.0,11
941,220916,10,11,99.99919812504781,D,19523.0,11
941,220916,10,11,99.99919812504781,I,2635.0,11
941,220916,10,11,99.99919812504781,R,30682.0,11
942,220918,10,11,100.0,D,9040.0,11
942,220918,10,11,100.0,I,1285.0,11
942,220918,10,11,100.0,R,21690.0,11
943,220917,10,11,100.0,D,1507.0,11
943,220917,10,11,100.0,I,161.0,11
943,220917,10,11,100.0,R,2577.0,11
944,220902,10,11,100.0,D,13162.0,11
944,220902,10,11,100.0,I,1950.0,11
944,220902,10,11,100.0,R,32989.0,11
945,220915,10,11,100.0,D,2341.0,11
945,220915,10,11,100.0,I,572.0,11
945,220915,10,11,100.0,R,12892.0,11
946,184907,10,11,100.0,D,1366.0,11
946,184907,10,11,100.0,I,493.0,11
946,184907,10,11,100.0,R,10224.0,11
947,220912,10,11,100.0,D,16501.0,11
947,220912,10,11,100.0,I,884.0,11
947,220912,10,11,100.0,R,16070.0,11
948,220905,10,11,100.0,D,72027.0,11
948,220905,10,11,100.0,I,3388.0,11
948,220905,10,11,100.0,R,65117.0,11
949,126911,10,11,100.0,D,394.0,11
949,126911,10,11,100.0,I,112.0,11
949,126911,10,11,100.0,R,2564.0,11
950,126903,10,11,99.9997861431033,D,2533.0,11
950,126903,10,11,99.9997861431033,I,316.0,11
950,126903,10,11,99.9997861431033,R,9622.0,11
951,126906,10,11,100.0,D,206.0,11
951,126906,10,11,100.0,I,33.0,11
951,126906,10,11,100.0,R,576.0,11
952,126905,10,11,100.0,D,1738.0,11
952,126905,10,11,100.0,I,276.0,11
952,126905,10,11,100.0,R,8106.0,11
953,126904,10,11,99.41541903752615,D,261.0,11
953,126904,10,11,99.41541903752615,I,48.0,11
953,126904,10,11,99.41541903752615,R,1675.0,11
954,220908,10,11,99.99591149636565,D,26204.0,11
954,220908,10,11,99.99591149636565,I,1351.0,11
954,220908,10,11,99.99591149636565,R,33146.0,11
956,220914,10,11,100.0,D,2487.0,11
956,220914,10,11,100.0,I,195.0,11
956,220914,10,11,100.0,R,5113.0,11
957,220904,10,11,100.0,D,4429.0,11
957,220904,10,11,100.0,I,46.0,11
957,220904,10,11,100.0,R,1830.0,11
958,220901,10,11,99.98484600241433,D,49544.0,11
958,220901,10,11,99.98484600241433,I,2773.0,11
958,220901,10,11,99.98484600241433,R,53748.0,11
961,126908,10,11,99.99721805233457,D,613.0,11
961,126908,10,11,99.99721805233457,I,94.0,11
961,126908,10,11,99.99721805233457,R,1606.0,11
962,126902,10,11,100.0,D,4502.0,11
962,126902,10,11,100.0,I,625.0,11
962,126902,10,11,100.0,R,16867.0,11
963,126901,10,11,100.0,D,1311.0,11
963,126901,10,11,100.0,I,186.0,11
963,126901,10,11,100.0,R,4874.0,11
16,121906,4,05,100.0,I,15.0,05
16,121906,4,05,100.0,R,571.0,05
17,121903,4,05,100.0,I,144.0,05
17,121903,4,05,100.0,R,2754.0,05
158,84903,4,05,99.45588859197835,D,104.0,05
158,84903,4,05,99.45588859197835,R,390.0,05
169,100904,4,05,100.0,I,415.0,05
169,100904,4,05,100.0,R,5056.0,05
237,176903,4,05,99.9064789750412,I,75.0,05
237,176903,4,05,99.9064789750412,R,1305.0,05
339,181906,4,05,99.81652475451283,I,689.0,05
339,181906,4,05,99.81652475451283,R,3724.0,05
340,181905,4,05,100.0,I,204.0,05
340,181905,4,05,100.0,R,3194.0,05
341,181908,4,05,99.96228453861677,I,539.0,05
341,181908,4,05,99.96228453861677,R,6623.0,05
342,181901,4,05,99.99975364486801,I,398.0,05
342,181901,4,05,99.99975364486801,R,5054.0,05
343,181907,4,05,100.0,I,525.0,05
343,181907,4,05,100.0,R,8068.0,05
499,123913,4,05,99.5826080697133,D,94.0,05
499,123913,4,05,99.5826080697133,R,548.0,05
500,123908,4,05,100.0,D,2206.0,05
500,123908,4,05,100.0,R,8297.0,05
501,123907,4,05,99.99999020814306,D,10379.0,05
501,123907,4,05,99.99999020814306,R,4106.0,05
502,123905,4,05,100.0,D,2029.0,05
502,123905,4,05,100.0,R,8474.0,05
554,176902,4,05,99.92940292885987,I,254.0,05
554,176902,4,05,99.92940292885987,R,1831.0,05
556,176901,4,05,99.93410530526897,I,113.0,05
556,176901,4,05,99.93410530526897,R,938.0,05
559,121902,4,05,97.52896922110385,D,85.0,05
559,121902,4,05,97.52896922110385,I,57.0,05
559,121902,4,05,97.52896922110385,R,1100.0,05
610,100903,4,05,99.99903946344747,I,242.0,05
610,100903,4,05,99.99903946344747,R,3836.0,05
611,100907,4,05,100.0,I,337.0,05
611,100907,4,05,100.0,R,6860.0,05
613,123914,4,05,99.99875173404821,D,648.0,05
613,123914,4,05,99.99875173404821,R,2512.0,05
614,123910,4,05,100.0,D,25914.0,05
614,123910,4,05,100.0,R,17754.0,05
669,229904,4,05,99.9999982875812,I,153.0,05
669,229904,4,05,99.9999982875812,R,2346.0,05
670,229905,4,05,100.0,I,36.0,05
670,229905,4,05,100.0,R,648.0,05
671,121905,4,05,100.0,I,199.0,05
671,121905,4,05,100.0,R,2617.0,05
672,121904,4,05,99.99998067430224,I,611.0,05
672,121904,4,05,99.99998067430224,R,4123.0,05
681,229906,4,05,99.25408640066956,I,24.0,05
681,229906,4,05,99.25408640066956,R,497.0,05
685,229901,4,05,99.99146303743555,D,5.0,05
685,229901,4,05,99.99146303743555,I,77.0,05
685,229901,4,05,99.99146303743555,R,1161.0,05
686,229903,4,05,99.95532882162003,I,287.0,05
686,229903,4,05,99.95532882162003,R,2840.0,05
729,100908,4,05,99.9990003160407,I,74.0,05
729,100908,4,05,99.9990003160407,R,1730.0,05
730,100905,4,05,99.99983410793035,D,761.0,05
730,100905,4,05,99.99983410793035,I,127.0,05
730,100905,4,05,99.99983410793035,R,4629.0,05
18,137904,1,02,100.0,D,522.0,02
18,137904,1,02,100.0,R,550.0,02
19,137903,1,02,99.99989225700064,D,482.0,02
19,137903,1,02,99.99989225700064,R,534.0,02
20,137902,1,02,100.0,D,531.0,02
20,137902,1,02,100.0,R,759.0,02
21,137901,1,02,100.0,D,3224.0,02
21,137901,1,02,100.0,R,2616.0,02
313,178915,1,02,100.0,D,1425.0,02
313,178915,1,02,100.0,R,471.0,02
314,178909,1,02,100.0,D,3501.0,02
314,178909,1,02,100.0,R,1685.0,02
315,178914,1,02,99.99991177312374,D,4151.0,02
315,178914,1,02,99.99991177312374,R,9602.0,02
316,178905,1,02,100.0,D,282.0,02
316,178905,1,02,100.0,R,169.0,02
317,178903,1,02,100.0,D,2064.0,02
317,178903,1,02,100.0,R,4250.0,02
318,178902,1,02,100.0,D,890.0,02
318,178902,1,02,100.0,R,1013.0,02
319,178913,1,02,100.0,D,574.0,02
319,178913,1,02,100.0,R,788.0,02
320,178901,1,02,100.0,D,298.0,02
320,178901,1,02,100.0,R,301.0,02
424,125903,1,02,100.0,D,688.0,02
424,125903,1,02,100.0,R,1662.0,02
425,125906,1,02,100.0,D,74.0,02
425,125906,1,02,100.0,R,71.0,02
426,125902,1,02,100.0,D,504.0,02
426,125902,1,02,100.0,R,241.0,02
427,125901,1,02,100.0,D,4723.0,02
427,125901,1,02,100.0,R,2558.0,02
463,178908,1,02,99.99967348830118,D,279.0,02
463,178908,1,02,99.99967348830118,R,741.0,02
487,13902,1,02,99.95143896908021,D,131.0,02
487,13902,1,02,99.95143896908021,I,4.0,02
487,13902,1,02,99.95143896908021,R,333.0,02
488,149902,1,02,99.99988889198117,D,362.0,02
488,149902,1,02,99.99988889198117,I,48.0,02
488,149902,1,02,99.99988889198117,R,1206.0,02
489,13905,1,02,99.9999258944871,D,650.0,02
489,13905,1,02,99.9999258944871,R,971.0,02
491,13903,1,02,99.8986083497923,D,352.0,02
491,13903,1,02,99.8986083497923,I,4.0,02
491,13903,1,02,99.8986083497923,R,868.0,02
492,205904,1,02,100.0,D,1565.0,02
492,205904,1,02,100.0,I,2.0,02
492,205904,1,02,100.0,R,1282.0,02
493,13901,1,02,99.96128450626766,D,2585.0,02
493,13901,1,02,99.96128450626766,R,2618.0,02
541,149901,1,02,100.0,D,363.0,02
541,149901,1,02,100.0,I,51.0,02
541,149901,1,02,100.0,R,1877.0,02
544,178906,1,02,100.0,D,233.0,02
544,178906,1,02,100.0,R,589.0,02
586,66005,1,02,99.99274321009737,D,97.0,02
586,66005,1,02,99.99274321009737,I,3.0,02
586,66005,1,02,99.99274321009737,R,21.0,02
587,66902,1,02,100.0,D,1639.0,02
587,66902,1,02,100.0,I,74.0,02
587,66902,1,02,100.0,R,293.0,02
588,125905,1,02,100.0,D,674.0,02
588,125905,1,02,100.0,I,2.0,02
588,125905,1,02,100.0,R,371.0,02
593,66903,1,02,99.99998599322815,D,527.0,02
593,66903,1,02,99.99998599322815,I,50.0,02
593,66903,1,02,99.99998599322815,R,341.0,02
595,162904,1,02,98.77191709585026,D,120.0,02
595,162904,1,02,98.77191709585026,R,352.0,02
597,66901,1,02,99.99934857079961,D,764.0,02
597,66901,1,02,99.99934857079961,I,30.0,02
597,66901,1,02,99.99934857079961,R,155.0,02
786,24901,1,02,99.99582975596388,D,1972.0,02
786,24901,1,02,99.99582975596388,I,128.0,02
786,24901,1,02,99.99582975596388,R,396.0,02
788,131001,1,02,99.99976712784434,D,102.0,02
788,131001,1,02,99.99976712784434,R,65.0,02
802,205903,1,02,100.0,D,896.0,02
802,205903,1,02,100.0,R,2553.0,02
803,205901,1,02,100.0,D,504.0,02
803,205901,1,02,100.0,R,1414.0,02
804,4901,1,02,99.99234542154963,D,2221.0,02
804,4901,1,02,99.99234542154963,R,6915.0,02
805,205907,1,02,100.0,D,1041.0,02
805,205907,1,02,100.0,R,1281.0,02
806,205906,1,02,99.91180810364784,D,1713.0,02
806,205906,1,02,99.91180810364784,R,1956.0,02
807,205905,1,02,100.0,D,561.0,02
807,205905,1,02,100.0,R,814.0,02
808,205902,1,02,100.0,D,2129.0,02
808,205902,1,02,100.0,R,4876.0,02
809,178912,1,02,100.0,D,1249.0,02
809,178912,1,02,100.0,R,1637.0,02
810,178904,1,02,100.0,D,35844.0,02
810,178904,1,02,100.0,R,30359.0,02
25,230903,6,07,97.75646744043073,D,3.0,07
25,230903,6,07,97.75646744043073,I,99.0,07
25,230903,6,07,97.75646744043073,R,1106.0,07
104,210903,6,07,99.99996292590292,D,310.0,07
104,210903,6,07,99.99996292590292,I,22.0,07
104,210903,6,07,99.99996292590292,R,1383.0,07
105,201904,6,07,100.0,D,91.0,07
105,201904,6,07,100.0,I,7.0,07
105,201904,6,07,100.0,R,471.0,07
106,201908,6,07,100.0,D,105.0,07
106,201908,6,07,100.0,I,9.0,07
106,201908,6,07,100.0,R,583.0,07
107,201907,6,07,100.0,D,183.0,07
107,201907,6,07,100.0,I,13.0,07
107,201907,6,07,100.0,R,598.0,07
108,201903,6,07,100.0,D,190.0,07
108,201903,6,07,100.0,I,10.0,07
108,201903,6,07,100.0,R,676.0,07
109,201902,6,07,100.0,D,1706.0,07
109,201902,6,07,100.0,I,124.0,07
109,201902,6,07,100.0,R,6158.0,07
110,174903,6,07,100.0,D,184.0,07
110,174903,6,07,100.0,I,16.0,07
110,174903,6,07,100.0,R,909.0,07
111,174902,6,07,100.0,D,202.0,07
111,174902,6,07,100.0,I,32.0,07
111,174902,6,07,100.0,R,1098.0,07
112,92902,6,07,100.0,D,1247.0,07
112,92902,6,07,100.0,I,116.0,07
112,92902,6,07,100.0,R,5368.0,07
113,201910,6,07,100.0,D,370.0,07
113,201910,6,07,100.0,I,22.0,07
113,201910,6,07,100.0,R,1334.0,07
114,37907,6,07,100.0,D,15.0,07
114,37907,6,07,100.0,I,375.0,07
114,37907,6,07,100.0,R,3254.0,07
192,102903,6,07,99.99129991704953,D,369.0,07
192,102903,6,07,99.99129991704953,I,19.0,07
192,102903,6,07,99.99129991704953,R,996.0,07
193,230906,6,07,100.0,D,9.0,07
193,230906,6,07,100.0,I,116.0,07
193,230906,6,07,100.0,R,1531.0,07
194,102902,6,07,99.99267044830988,D,4600.0,07
194,102902,6,07,99.99267044830988,I,197.0,07
194,102902,6,07,99.99267044830988,R,7523.0,07
195,102901,6,07,99.96870202646502,D,400.0,07
195,102901,6,07,99.96870202646502,I,30.0,07
195,102901,6,07,99.96870202646502,R,1093.0,07
196,102905,6,07,99.99945509656685,D,156.0,07
196,102905,6,07,99.99945509656685,I,20.0,07
196,102905,6,07,99.99945509656685,R,1147.0,07
197,102904,6,07,100.0,D,1035.0,07
197,102904,6,07,100.0,I,172.0,07
197,102904,6,07,100.0,R,7041.0,07
198,102906,6,07,99.99705494031554,D,400.0,07
198,102906,6,07,99.99705494031554,I,48.0,07
198,102906,6,07,99.99705494031554,R,1739.0,07
235,250907,6,07,99.8392423543513,D,184.0,07
235,250907,6,07,99.8392423543513,I,164.0,07
235,250907,6,07,99.8392423543513,R,2872.0,07
258,174906,6,07,100.0,D,169.0,07
258,174906,6,07,100.0,I,30.0,07
258,174906,6,07,100.0,R,939.0,07
259,174904,6,07,100.0,D,5215.0,07
259,174904,6,07,100.0,I,435.0,07
259,174904,6,07,100.0,R,8673.0,07
260,174909,6,07,100.0,D,58.0,07
260,174909,6,07,100.0,I,4.0,07
260,174909,6,07,100.0,R,486.0,07
261,174911,6,07,100.0,D,159.0,07
261,174911,6,07,100.0,I,32.0,07
261,174911,6,07,100.0,R,933.0,07
262,174908,6,07,100.0,D,308.0,07
262,174908,6,07,100.0,I,25.0,07
262,174908,6,07,100.0,R,1176.0,07
268,212910,6,07,100.0,D,617.0,07
268,212910,6,07,100.0,I,42.0,07
268,212910,6,07,100.0,R,1943.0,07
269,212909,6,07,100.0,D,1947.0,07
269,212909,6,07,100.0,I,177.0,07
269,212909,6,07,100.0,R,5760.0,07
305,210905,6,07,100.0,D,311.0,07
305,210905,6,07,100.0,I,30.0,07
305,210905,6,07,100.0,R,1362.0,07
306,210906,6,07,100.0,D,23.0,07
306,210906,6,07,100.0,I,4.0,07
306,210906,6,07,100.0,R,207.0,07
307,210901,6,07,100.0,D,749.0,07
307,210901,6,07,100.0,I,59.0,07
307,210901,6,07,100.0,R,2508.0,07
308,250904,6,07,99.97391305753195,D,198.0,07
308,250904,6,07,99.97391305753195,I,165.0,07
308,250904,6,07,99.97391305753195,R,3495.0,07
309,250903,6,07,100.0,D,68.0,07
309,250903,6,07,100.0,I,199.0,07
309,250903,6,07,100.0,R,3123.0,07
310,250902,6,07,100.0,D,358.0,07
310,250902,6,07,100.0,I,36.0,07
310,250902,6,07,100.0,R,1789.0,07
338,230902,6,07,99.8896469649907,D,498.0,07
338,230902,6,07,99.8896469649907,I,305.0,07
338,230902,6,07,99.8896469649907,R,5602.0,07
391,234906,6,07,99.9957070927621,D,111.0,07
391,234906,6,07,99.9957070927621,I,462.0,07
391,234906,6,07,99.9957070927621,R,5063.0,07
392,234905,6,07,99.9192630508774,I,97.0,07
392,234905,6,07,99.9192630508774,R,1034.0,07
393,212903,6,07,100.0,D,1139.0,07
393,212903,6,07,100.0,I,181.0,07
393,212903,6,07,100.0,R,8006.0,07
394,107905,6,07,99.50999739856033,I,240.0,07
394,107905,6,07,99.50999739856033,R,2355.0,07
407,92908,6,07,100.0,D,181.0,07
407,92908,6,07,100.0,I,38.0,07
407,92908,6,07,100.0,R,1770.0,07
408,92907,6,07,100.0,D,481.0,07
408,92907,6,07,100.0,I,82.0,07
408,92907,6,07,100.0,R,2930.0,07
409,92906,6,07,100.0,D,365.0,07
409,92906,6,07,100.0,I,51.0,07
409,92906,6,07,100.0,R,2330.0,07
410,92904,6,07,100.0,D,1857.0,07
410,92904,6,07,100.0,I,179.0,07
410,92904,6,07,100.0,R,6463.0,07
411,92903,6,07,100.0,D,7170.0,07
411,92903,6,07,100.0,I,375.0,07
411,92903,6,07,100.0,R,11677.0,07
412,92901,6,07,100.0,D,609.0,07
412,92901,6,07,100.0,I,101.0,07
412,92901,6,07,100.0,R,2806.0,07
420,107907,6,07,99.35112361827304,I,30.0,07
420,107907,6,07,99.35112361827304,R,278.0,07
421,107908,6,07,100.0,I,14.0,07
421,107908,6,07,100.0,R,173.0,07
422,107906,6,07,99.84125422797884,I,279.0,07
422,107906,6,07,99.84125422797884,R,2819.0,07
423,107904,6,07,99.95089816115912,I,110.0,07
423,107904,6,07,99.95089816115912,R,1452.0,07
434,183904,6,07,100.0,D,81.0,07
434,183904,6,07,100.0,I,9.0,07
434,183904,6,07,100.0,R,652.0,07
435,183902,6,07,99.99984420419482,D,1353.0,07
435,183902,6,07,99.99984420419482,I,79.0,07
435,183902,6,07,99.99984420419482,R,5950.0,07
436,183901,6,07,100.0,D,192.0,07
436,183901,6,07,100.0,I,15.0,07
436,183901,6,07,100.0,R,841.0,07
437,210904,6,07,100.0,D,175.0,07
437,210904,6,07,100.0,I,13.0,07
437,210904,6,07,100.0,R,579.0,07
438,210902,6,07,99.99956241819451,D,139.0,07
438,210902,6,07,99.99956241819451,I,20.0,07
438,210902,6,07,99.99956241819451,R,1185.0,07
439,3903,6,07,100.0,D,4547.0,07
439,3903,6,07,100.0,I,260.0,07
439,3903,6,07,100.0,R,9378.0,07
440,3904,6,07,100.0,D,341.0,07
440,3904,6,07,100.0,I,52.0,07
440,3904,6,07,100.0,R,3139.0,07
441,3902,6,07,99.86245166779383,D,501.0,07
441,3902,6,07,99.86245166779383,I,66.0,07
441,3902,6,07,99.86245166779383,R,2619.0,07
442,3907,6,07,99.96067037015321,D,535.0,07
442,3907,6,07,99.96067037015321,I,72.0,07
442,3907,6,07,99.96067037015321,R,2924.0,07
443,37909,6,07,99.85022891632258,D,8.0,07
443,37909,6,07,99.85022891632258,I,54.0,07
443,37909,6,07,99.85022891632258,R,465.0,07
444,1908,6,07,99.8435961183776,I,331.0,07
444,1908,6,07,99.8435961183776,R,2151.0,07
445,1909,6,07,99.99989422021791,I,122.0,07
445,1909,6,07,99.99989422021791,R,1233.0,07
446,1907,6,07,100.0,I,975.0,07
446,1907,6,07,100.0,R,4992.0,07
447,1906,6,07,100.0,I,86.0,07
447,1906,6,07,100.0,R,714.0,07
448,107910,6,07,100.0,I,90.0,07
448,107910,6,07,100.0,R,1279.0,07
449,1903,6,07,99.94369570192525,I,221.0,07
449,1903,6,07,99.94369570192525,R,1999.0,07
450,1902,6,07,99.87056794590656,I,94.0,07
450,1902,6,07,99.87056794590656,R,1083.0,07
451,107901,6,07,99.9998766434818,I,670.0,07
451,107901,6,07,99.9998766434818,R,6093.0,07
497,37901,6,07,99.97011175918293,I,136.0,07
497,37901,6,07,99.97011175918293,R,1076.0,07
522,230904,6,07,99.95637635576276,D,12.0,07
522,230904,6,07,99.95637635576276,I,46.0,07
522,230904,6,07,99.95637635576276,R,596.0,07
523,230908,6,07,100.0,I,57.0,07
523,230908,6,07,100.0,R,1014.0,07
524,230905,6,07,100.0,D,126.0,07
524,230905,6,07,100.0,I,88.0,07
524,230905,6,07,100.0,R,2106.0,07
525,230901,6,07,100.0,D,255.0,07
525,230901,6,07,100.0,I,49.0,07
525,230901,6,07,100.0,R,1478.0,07
555,202903,6,07,99.99977786790623,D,410.0,07
555,202903,6,07,99.99977786790623,I,40.0,07
555,202903,6,07,99.99977786790623,R,2641.0,07
557,203902,6,07,98.20390628887556,D,148.0,07
557,203902,6,07,98.20390628887556,I,23.0,07
557,203902,6,07,98.20390628887556,R,1129.0,07
558,202905,6,07,98.38848733895053,D,114.0,07
558,202905,6,07,98.38848733895053,I,15.0,07
558,202905,6,07,98.38848733895053,R,783.0,07
560,174910,6,07,100.0,D,49.0,07
560,174910,6,07,100.0,I,7.0,07
560,174910,6,07,100.0,R,553.0,07
561,174901,6,07,100.0,D,110.0,07
561,174901,6,07,100.0,I,12.0,07
561,174901,6,07,100.0,R,498.0,07
562,203901,6,07,100.0,D,707.0,07
562,203901,6,07,100.0,I,34.0,07
562,203901,6,07,100.0,R,1297.0,07
682,3905,6,07,99.77833029849876,D,688.0,07
682,3905,6,07,99.77833029849876,I,51.0,07
682,3905,6,07,99.77833029849876,R,1657.0,07
687,3906,6,07,99.92532968740578,D,137.0,07
687,3906,6,07,99.92532968740578,I,18.0,07
687,3906,6,07,99.92532968740578,R,972.0,07
714,201914,6,07,100.0,D,309.0,07
714,201914,6,07,100.0,I,32.0,07
714,201914,6,07,100.0,R,1522.0,07
715,201913,6,07,100.0,D,92.0,07
715,201913,6,07,100.0,I,26.0,07
715,201913,6,07,100.0,R,583.0,07
716,212901,6,07,100.0,D,496.0,07
716,212901,6,07,100.0,I,38.0,07
716,212901,6,07,100.0,R,1873.0,07
717,37908,6,07,100.0,I,69.0,07
717,37908,6,07,100.0,R,370.0,07
718,212902,6,07,100.0,D,442.0,07
718,212902,6,07,100.0,I,172.0,07
718,212902,6,07,100.0,R,4387.0,07
719,212906,6,07,100.0,D,1932.0,07
719,212906,6,07,100.0,I,266.0,07
719,212906,6,07,100.0,R,10437.0,07
720,212905,6,07,100.0,D,13815.0,07
720,212905,6,07,100.0,I,954.0,07
720,212905,6,07,100.0,R,26416.0,07
721,107902,6,07,100.0,I,414.0,07
721,107902,6,07,100.0,R,5400.0,07
722,1904,6,07,100.0,I,146.0,07
722,1904,6,07,100.0,R,1415.0,07
723,212904,6,07,100.0,D,273.0,07
723,212904,6,07,100.0,I,92.0,07
723,212904,6,07,100.0,R,1919.0,07
724,37904,6,07,100.0,I,856.0,07
724,37904,6,07,100.0,R,6099.0,07
899,250905,6,07,98.09625965044614,I,94.0,07
899,250905,6,07,98.09625965044614,R,1339.0,07
900,250906,6,07,100.0,I,184.0,07
900,250906,6,07,100.0,R,2813.0,07
901,234904,6,07,99.98393570877174,I,123.0,07
901,234904,6,07,99.98393570877174,R,1314.0,07
902,234909,6,07,100.0,I,100.0,07
902,234909,6,07,100.0,R,1010.0,07
903,234903,6,07,99.9621951414809,I,262.0,07
903,234903,6,07,99.9621951414809,R,2389.0,07
972,190903,6,07,99.72030934290179,I,253.0,07
972,190903,6,07,99.72030934290179,R,3626.0,07
26,155901,7,08,99.4772718307068,I,357.0,08
26,155901,7,08,99.4772718307068,R,2874.0,08
27,34902,7,08,100.0,I,63.0,08
27,34902,7,08,100.0,R,533.0,08
159,112908,7,08,99.74390171262763,I,105.0,08
159,112908,7,08,99.74390171262763,R,1202.0,08
236,112909,7,08,100.0,I,40.0,08
236,112909,7,08,100.0,R,449.0,08
271,19907,7,08,99.96644315586548,I,1742.0,08
271,19907,7,08,99.96644315586548,R,6358.0,08
272,19909,7,08,100.0,I,149.0,08
272,19909,7,08,100.0,R,1908.0,08
273,19906,7,08,100.0,I,183.0,08
273,19906,7,08,100.0,R,2078.0,08
274,19911,7,08,100.0,I,84.0,08
274,19911,7,08,100.0,R,680.0,08
275,19912,7,08,99.8302300773115,I,575.0,08
275,19912,7,08,99.8302300773115,R,4404.0,08
276,19905,7,08,99.98275986275948,I,266.0,08
276,19905,7,08,99.98275986275948,R,1971.0,08
277,19903,7,08,100.0,I,38.0,08
277,19903,7,08,100.0,R,430.0,08
278,19910,7,08,100.0,I,12.0,08
278,19910,7,08,100.0,R,188.0,08
279,19908,7,08,99.99394655958605,I,829.0,08
279,19908,7,08,99.99394655958605,R,3880.0,08
280,19914,7,08,100.0,I,41.0,08
280,19914,7,08,100.0,R,455.0,08
281,19913,7,08,100.0,I,14.0,08
281,19913,7,08,100.0,R,184.0,08
282,19902,7,08,99.92731338333161,I,231.0,08
282,19902,7,08,99.92731338333161,R,1862.0,08
283,19901,7,08,99.91791025912306,I,158.0,08
283,19901,7,08,99.91791025912306,R,1671.0,08
505,34907,7,08,99.9999982200783,I,141.0,08
505,34907,7,08,99.9999982200783,R,1473.0,08
506,34906,7,08,99.98845964168808,I,12.0,08
506,34906,7,08,99.98845964168808,R,262.0,08
507,34905,7,08,100.0,I,199.0,08
507,34905,7,08,100.0,R,1785.0,08
508,34903,7,08,100.0,I,186.0,08
508,34903,7,08,100.0,R,1434.0,08
509,34909,7,08,99.9916823373961,I,49.0,08
509,34909,7,08,99.9916823373961,R,688.0,08
510,34901,7,08,99.99965753305125,I,334.0,08
510,34901,7,08,99.99965753305125,R,3469.0,08
578,194905,7,08,99.57952645939936,I,70.0,08
578,194905,7,08,99.57952645939936,R,644.0,08
828,225902,7,08,100.0,I,843.0,08
828,225902,7,08,100.0,R,4869.0,08
829,172902,7,08,99.99999050554494,I,550.0,08
829,172902,7,08,99.99999050554494,R,1915.0,08
830,225906,7,08,100.0,I,138.0,08
830,225906,7,08,100.0,R,898.0,08
831,172905,7,08,100.0,I,255.0,08
831,172905,7,08,100.0,R,1825.0,08
832,194902,7,08,99.98950998535882,I,46.0,08
832,194902,7,08,99.98950998535882,R,632.0,08
833,32902,7,08,99.27303421919551,D,4.0,08
833,32902,7,08,99.27303421919551,I,592.0,08
833,32902,7,08,99.27303421919551,R,3503.0,08
834,225907,7,08,100.0,I,67.0,08
834,225907,7,08,100.0,R,628.0,08
835,80901,7,08,99.98178592157407,I,348.0,08
835,80901,7,08,99.98178592157407,R,3211.0,08
836,194903,7,08,100.0,I,106.0,08
836,194903,7,08,100.0,R,1242.0,08
837,194904,7,08,99.99093316831858,I,331.0,08
837,194904,7,08,99.99093316831858,R,1632.0,08
893,139909,7,08,100.0,I,836.0,08
893,139909,7,08,100.0,R,3714.0,08
894,139911,7,08,99.3982950195428,I,610.0,08
894,139911,7,08,99.3982950195428,R,6982.0,08
895,112910,7,08,100.0,I,44.0,08
895,112910,7,08,100.0,R,539.0,08
896,139912,7,08,100.0,I,173.0,08
896,139912,7,08,100.0,R,2554.0,08
897,139905,7,08,99.87987238953825,I,215.0,08
897,139905,7,08,99.87987238953825,R,1803.0,08
964,112905,7,08,99.43824522998406,I,74.0,08
964,112905,7,08,99.43824522998406,R,859.0,08
965,112901,7,08,99.99710146672801,I,675.0,08
965,112901,7,08,99.99710146672801,R,6542.0,08
966,112906,7,08,100.0,I,63.0,08
966,112906,7,08,100.0,R,758.0,08
968,60902,7,08,99.99002631197489,I,149.0,08
968,60902,7,08,99.99002631197489,R,1699.0,08
969,112907,7,08,99.71849267804834,I,46.0,08
969,112907,7,08,99.71849267804834,R,649.0,08
981,60914,7,08,99.2945651112879,I,42.0,08
981,60914,7,08,99.2945651112879,R,416.0,08
28,195901,17,18,99.99999990957463,D,1655.0,18
28,195901,17,18,99.99999990957463,I,109.0,18
28,195901,17,18,99.99999990957463,R,1103.0,18
29,195902,17,18,100.0,D,148.0,18
29,195902,17,18,100.0,I,14.0,18
29,195902,17,18,100.0,R,115.0,18
30,222901,17,18,99.97528257308656,D,87.0,18
30,222901,17,18,99.97528257308656,I,5.0,18
30,222901,17,18,99.97528257308656,R,105.0,18
74,231902,17,18,99.99996955870486,D,126.0,18
74,231902,17,18,99.99996955870486,I,21.0,18
74,231902,17,18,99.99996955870486,R,410.0,18
75,231901,17,18,99.99996337794315,D,181.0,18
75,231901,17,18,99.99996337794315,I,25.0,18
75,231901,17,18,99.99996337794315,R,508.0,18
93,189902,17,18,99.94407318049227,D,385.0,18
93,189902,17,18,99.94407318049227,I,14.0,18
93,189902,17,18,99.94407318049227,R,154.0,18
94,189901,17,18,99.98504728992556,D,931.0,18
94,189901,17,18,99.98504728992556,I,36.0,18
94,189901,17,18,99.98504728992556,R,406.0,18
138,238902,17,18,100.0,D,648.0,18
138,238902,17,18,100.0,I,69.0,18
138,238902,17,18,100.0,R,1689.0,18
139,238904,17,18,100.0,D,177.0,18
139,238904,17,18,100.0,I,26.0,18
139,238904,17,18,100.0,R,718.0,18
141,156905,17,18,96.71521307088237,I,34.0,18
141,156905,17,18,96.71521307088237,R,336.0,18
170,52901,17,18,99.99998900852732,D,313.0,18
170,52901,17,18,99.99998900852732,I,38.0,18
170,52901,17,18,99.99998900852732,R,1000.0,18
181,55901,17,18,99.98397034378004,D,525.0,18
181,55901,17,18,99.98397034378004,I,25.0,18
181,55901,17,18,99.98397034378004,R,301.0,18
203,165901,17,18,100.0,I,5084.0,18
203,165901,17,18,100.0,R,36097.0,18
204,165902,17,18,100.0,I,250.0,18
204,165902,17,18,100.0,R,2599.0,18
209,122902,17,18,100.0,D,72.0,18
209,122902,17,18,100.0,I,7.0,18
209,122902,17,18,100.0,R,97.0,18
210,122901,17,18,100.0,D,440.0,18
210,122901,17,18,100.0,I,38.0,18
210,122901,17,18,100.0,R,536.0,18
218,114902,17,18,99.99987869293463,I,96.0,18
218,114902,17,18,99.99987869293463,R,1341.0,18
219,114901,17,18,99.96301781183676,I,737.0,18
219,114901,17,18,99.96301781183676,R,4204.0,18
220,114904,17,18,99.98915600010194,I,74.0,18
220,114904,17,18,99.98915600010194,R,945.0,18
222,156902,17,18,100.0,I,99.0,18
222,156902,17,18,100.0,R,1003.0,18
231,22004,17,18,99.93567883784202,D,163.0,18
231,22004,17,18,99.93567883784202,I,15.0,18
231,22004,17,18,99.93567883784202,R,118.0,18
232,22903,17,18,99.95433154645391,D,50.0,18
232,22903,17,18,99.95433154645391,I,3.0,18
232,22903,17,18,99.95433154645391,R,29.0,18
233,22902,17,18,99.9969059477259,D,239.0,18
233,22902,17,18,99.9969059477259,I,16.0,18
233,22902,17,18,99.9969059477259,R,290.0,18
234,22901,17,18,100.0,D,1792.0,18
234,22901,17,18,100.0,I,92.0,18
234,22901,17,18,100.0,R,1479.0,18
270,192901,17,18,99.99940118594103,D,136.0,18
270,192901,17,18,99.99940118594103,I,15.0,18
270,192901,17,18,99.99940118594103,R,475.0,18
304,87901,17,18,99.99998701097833,I,25.0,18
304,87901,17,18,99.99998701097833,R,564.0,18
328,186903,17,18,99.96038599218002,D,172.0,18
328,186903,17,18,99.96038599218002,I,8.0,18
328,186903,17,18,99.96038599218002,R,455.0,18
329,186902,17,18,100.0,D,1226.0,18
329,186902,17,18,100.0,I,103.0,18
329,186902,17,18,100.0,R,1427.0,18
330,186901,17,18,100.0,D,362.0,18
330,186901,17,18,100.0,I,24.0,18
330,186901,17,18,100.0,R,393.0,18
360,248901,17,18,99.9920955298806,D,177.0,18
360,248901,17,18,99.9920955298806,I,22.0,18
360,248901,17,18,99.9920955298806,R,693.0,18
361,248902,17,18,99.99999705862177,D,230.0,18
361,248902,17,18,99.99999705862177,I,25.0,18
361,248902,17,18,99.99999705862177,R,769.0,18
419,68901,17,18,100.0,I,4154.0,18
419,68901,17,18,100.0,R,27242.0,18
458,2901,17,18,99.99789027660879,I,383.0,18
458,2901,17,18,99.99789027660879,R,4143.0,18
59,200906,14,15,100.0,I,3.0,15
59,200906,14,15,100.0,R,47.0,15
60,200904,14,15,99.39360769770505,I,38.0,15
60,200904,14,15,99.39360769770505,R,722.0,15
61,200902,14,15,100.0,I,38.0,15
61,200902,14,15,100.0,R,516.0,15
62,200901,14,15,100.0,I,104.0,15
62,200901,14,15,100.0,R,1576.0,15
63,41901,14,15,99.98039699966878,I,47.0,15
63,41901,14,15,99.98039699966878,R,711.0,15
120,226905,14,15,99.99999981113173,I,142.0,15
120,226905,14,15,99.99999981113173,R,1639.0,15
121,41902,14,15,99.99985239713624,I,30.0,15
121,41902,14,15,99.99985239713624,R,540.0,15
128,53001,14,15,99.98589950146466,D,462.0,15
128,53001,14,15,99.98589950146466,I,28.0,15
128,53001,14,15,99.98589950146466,R,875.0,15
177,218901,14,15,100.0,D,315.0,15
177,218901,14,15,100.0,I,30.0,15
177,218901,14,15,100.0,R,1047.0,15
184,25906,14,15,99.68365462620142,I,41.0,15
184,25906,14,15,99.68365462620142,R,548.0,15
188,25905,14,15,99.82747355535793,I,61.0,15
188,25905,14,15,99.82747355535793,R,871.0,15
191,25904,14,15,99.75164663424637,I,40.0,15
191,25904,14,15,99.75164663424637,R,610.0,15
239,25901,14,15,99.98276346986769,I,132.0,15
239,25901,14,15,99.98276346986769,R,2285.0,15
244,226906,14,15,100.0,I,144.0,15
244,226906,14,15,100.0,R,2025.0,15
245,226908,14,15,100.0,I,110.0,15
245,226908,14,15,100.0,R,1085.0,15
246,226903,14,15,100.0,I,3701.0,15
246,226903,14,15,100.0,R,23288.0,15
247,226907,14,15,100.0,I,84.0,15
247,226907,14,15,100.0,R,906.0,15
248,226901,14,15,100.0,I,79.0,15
248,226901,14,15,100.0,R,951.0,15
290,25909,14,15,100.0,I,152.0,15
290,25909,14,15,100.0,R,2227.0,15
291,25902,14,15,99.9994609402462,I,356.0,15
291,25902,14,15,99.9994609402462,R,4020.0,15
292,233901,14,15,99.9701974354076,D,5893.0,15
292,233901,14,15,99.9701974354076,I,452.0,15
292,233901,14,15,99.9701974354076,R,5051.0,15
293,233903,14,15,99.99534920920307,D,55.0,15
293,233903,14,15,99.99534920920307,I,9.0,15
293,233903,14,15,99.99534920920307,R,229.0,15
323,216901,14,15,99.99973553724104,I,13.0,15
323,216901,14,15,99.99973553724104,R,278.0,15
365,207901,14,15,100.0,D,221.0,15
365,207901,14,15,100.0,I,24.0,15
365,207901,14,15,100.0,R,795.0,15
380,69902,14,15,99.9313465029324,D,162.0,15
380,69902,14,15,99.9313465029324,I,47.0,15
380,69902,14,15,99.9313465029324,R,867.0,15
511,206901,14,15,99.95197762474976,I,89.0,15
511,206901,14,15,99.95197762474976,R,1396.0,15
512,206903,14,15,99.99888975063573,I,13.0,15
512,206903,14,15,99.99888975063573,R,201.0,15
519,118902,14,15,99.99997890114032,I,38.0,15
519,118902,14,15,99.99997890114032,R,686.0,15
602,42901,14,15,99.09431224676165,I,73.0,15
602,42901,14,15,99.09431224676165,R,1325.0,15
754,69901,14,15,99.99816412013674,D,229.0,15
754,69901,14,15,99.99816412013674,I,28.0,15
754,69901,14,15,99.99816412013674,R,405.0,15
757,134901,14,15,99.98249426973756,I,100.0,15
757,134901,14,15,99.98249426973756,R,1547.0,15
870,25908,14,15,99.86713108400573,I,82.0,15
870,25908,14,15,99.86713108400573,R,1295.0,15
871,42903,14,15,100.0,I,59.0,15
871,42903,14,15,100.0,R,686.0,15
872,160901,14,15,100.0,I,96.0,15
872,160901,14,15,100.0,R,1340.0,15
873,42905,14,15,100.0,I,88.0,15
873,42905,14,15,100.0,R,1254.0,15
874,164901,14,15,100.0,I,56.0,15
874,164901,14,15,100.0,R,704.0,15
875,157901,14,15,99.99894045882981,I,175.0,15
875,157901,14,15,99.99894045882981,R,1721.0,15
876,48901,14,15,100.0,I,30.0,15
876,48901,14,15,100.0,R,463.0,15
877,160904,14,15,100.0,I,80.0,15
877,160904,14,15,100.0,R,928.0,15
878,160905,14,15,100.0,I,7.0,15
878,160905,14,15,100.0,R,148.0,15
879,206902,14,15,99.986820042507,I,29.0,15
879,206902,14,15,99.986820042507,R,421.0,15
880,48903,14,15,100.0,I,24.0,15
880,48903,14,15,100.0,R,333.0,15
31,82902,19,20,100.0,D,654.0,20
31,82902,19,20,100.0,I,58.0,20
31,82902,19,20,100.0,R,553.0,20
67,247901,19,20,100.0,D,4226.0,20
67,247901,19,20,100.0,I,230.0,20
67,247901,19,20,100.0,R,5833.0,20
182,254902,19,20,100.0,D,320.0,20
182,254902,19,20,100.0,I,32.0,20
182,254902,19,20,100.0,R,173.0,20
183,254901,19,20,100.0,D,2012.0,20
183,254901,19,20,100.0,I,105.0,20
183,254901,19,20,100.0,R,404.0,20
238,136901,19,20,99.99306847775689,D,461.0,20
238,136901,19,20,99.99306847775689,I,38.0,20
238,136901,19,20,99.99306847775689,R,906.0,20
379,232901,19,20,100.0,D,206.0,20
379,232901,19,20,100.0,I,29.0,20
379,232901,19,20,100.0,R,412.0,20
433,247903,19,20,99.66752304143506,D,956.0,20
433,247903,19,20,99.66752304143506,I,119.0,20
433,247903,19,20,99.66752304143506,R,3959.0,20
467,7905,19,20,99.9972358538746,D,2237.0,20
467,7905,19,20,99.9972358538746,I,93.0,20
467,7905,19,20,99.9972358538746,R,2908.0,20
469,7902,19,20,100.0,D,1172.0,20
469,7902,19,20,100.0,I,46.0,20
469,7902,19,20,100.0,R,1450.0,20
536,247906,19,20,99.99649824203094,D,474.0,20
536,247906,19,20,99.99649824203094,I,67.0,20
536,247906,19,20,99.99649824203094,R,1891.0,20
537,247904,19,20,99.9929374821379,D,467.0,20
537,247904,19,20,99.9929374821379,I,23.0,20
537,247904,19,20,99.9929374821379,R,938.0,20
566,15906,19,20,99.03570477604406,D,84.0,20
566,15906,19,20,99.03570477604406,I,20.0,20
566,15906,19,20,99.03570477604406,R,201.0,20
567,15917,19,20,100.0,D,3009.0,20
567,15917,19,20,100.0,I,330.0,20
567,15917,19,20,100.0,R,2110.0,20
568,15904,19,20,100.0,D,10607.0,20
568,15904,19,20,100.0,I,946.0,20
568,15904,19,20,100.0,R,1332.0,20
569,15911,19,20,99.9766964481825,D,7964.0,20
569,15911,19,20,99.9766964481825,I,659.0,20
569,15911,19,20,99.9766964481825,R,7486.0,20
570,15914,19,20,100.0,D,340.0,20
570,15914,19,20,100.0,I,77.0,20
570,15914,19,20,100.0,R,406.0,20
571,15901,19,20,100.0,D,5443.0,20
571,15901,19,20,100.0,I,757.0,20
571,15901,19,20,100.0,R,8551.0,20
572,15908,19,20,100.0,D,7966.0,20
572,15908,19,20,100.0,I,830.0,20
572,15908,19,20,100.0,R,647.0,20
582,64903,19,20,99.99969030245008,D,2038.0,20
582,64903,19,20,99.99969030245008,I,173.0,20
582,64903,19,20,99.99969030245008,R,933.0,20
583,159901,19,20,99.99523352331504,D,8811.0,20
583,159901,19,20,99.99523352331504,I,534.0,20
583,159901,19,20,99.99523352331504,R,2551.0,20
594,142901,19,20,99.9994214170929,D,1006.0,20
594,142901,19,20,99.9994214170929,I,60.0,20
594,142901,19,20,99.9994214170929,R,583.0,20
755,193902,19,20,99.99958266499588,D,104.0,20
755,193902,19,20,99.99958266499588,I,39.0,20
755,193902,19,20,99.99958266499588,R,872.0,20
758,133905,19,20,99.98535146250592,D,81.0,20
758,133905,19,20,99.98535146250592,I,16.0,20
758,133905,19,20,99.98535146250592,R,411.0,20
759,133903,19,20,99.47131354497773,D,2875.0,20
759,133903,19,20,99.47131354497773,I,850.0,20
759,133903,19,20,99.47131354497773,R,11635.0,20
762,133904,19,20,99.87357121883261,D,451.0,20
762,133904,19,20,99.87357121883261,I,154.0,20
762,133904,19,20,99.87357121883261,R,2469.0,20
763,133902,19,20,100.0,D,166.0,20
763,133902,19,20,100.0,I,36.0,20
763,133902,19,20,100.0,R,703.0,20
765,133901,19,20,98.58607796143498,D,226.0,20
765,133901,19,20,98.58607796143498,I,88.0,20
765,133901,19,20,98.58607796143498,R,1319.0,20
884,15916,19,20,99.83678118761011,D,21933.0,20
884,15916,19,20,99.83678118761011,I,1506.0,20
884,15916,19,20,99.83678118761011,R,16365.0,20
911,232902,19,20,100.0,D,319.0,20
911,232902,19,20,100.0,I,39.0,20
911,232902,19,20,100.0,R,727.0,20
912,232903,19,20,99.44322991080868,D,3368.0,20
912,232903,19,20,99.44322991080868,I,273.0,20
912,232903,19,20,99.44322991080868,R,3094.0,20
913,232904,19,20,100.0,D,113.0,20
913,232904,19,20,100.0,I,34.0,20
913,232904,19,20,100.0,R,874.0,20
914,10901,19,20,100.0,D,217.0,20
914,10901,19,20,100.0,I,95.0,20
914,10901,19,20,100.0,R,1345.0,20
921,15909,19,20,100.0,D,1565.0,20
921,15909,19,20,100.0,I,186.0,20
921,15909,19,20,100.0,R,1499.0,20
922,163902,19,20,100.0,D,177.0,20
922,163902,19,20,100.0,I,24.0,20
922,163902,19,20,100.0,R,746.0,20
923,7901,19,20,100.0,D,395.0,20
923,7901,19,20,100.0,I,15.0,20
923,7901,19,20,100.0,R,330.0,20
924,82903,19,20,100.0,D,1321.0,20
924,82903,19,20,100.0,I,138.0,20
924,82903,19,20,100.0,R,783.0,20
925,163904,19,20,100.0,D,1218.0,20
925,163904,19,20,100.0,I,138.0,20
925,163904,19,20,100.0,R,2609.0,20
926,15915,19,20,100.0,D,114485.0,20
926,15915,19,20,100.0,I,33319.0,20
926,15915,19,20,100.0,R,25108.0,20
927,15912,19,20,100.0,D,6843.0,20
927,15912,19,20,100.0,I,976.0,20
927,15912,19,20,100.0,R,2819.0,20
928,10902,19,20,100.0,D,1262.0,20
928,10902,19,20,100.0,I,441.0,20
928,10902,19,20,100.0,R,6494.0,20
929,130901,19,20,99.9142309164712,D,3404.0,20
929,130901,19,20,99.9142309164712,I,815.0,20
929,130901,19,20,99.9142309164712,R,15991.0,20
930,15910,19,20,99.96899618718389,D,63931.0,20
930,15910,19,20,99.96899618718389,I,9688.0,20
930,15910,19,20,99.96899618718389,R,81686.0,20
931,15905,19,20,100.0,D,9847.0,20
931,15905,19,20,100.0,I,704.0,20
931,15905,19,20,100.0,R,19.0,20
932,15907,19,20,100.0,D,57315.0,20
932,15907,19,20,100.0,I,4927.0,20
932,15907,19,20,100.0,R,10206.0,20
933,15913,19,20,100.0,D,116.0,20
933,15913,19,20,100.0,I,85.0,20
933,15913,19,20,100.0,R,32.0,20
934,163903,19,20,100.0,D,644.0,20
934,163903,19,20,100.0,I,97.0,20
934,163903,19,20,100.0,R,1167.0,20
935,7906,19,20,100.0,D,1358.0,20
935,7906,19,20,100.0,I,49.0,20
935,7906,19,20,100.0,R,1061.0,20
936,7904,19,20,100.0,D,790.0,20
936,7904,19,20,100.0,I,48.0,20
936,7904,19,20,100.0,R,1078.0,20
937,163901,19,20,100.0,D,778.0,20
937,163901,19,20,100.0,I,122.0,20
937,163901,19,20,100.0,R,2260.0,20
938,163908,19,20,100.0,D,3213.0,20
938,163908,19,20,100.0,I,596.0,20
938,163908,19,20,100.0,R,7201.0,20
41,127906,13,14,100.0,I,103.0,14
41,127906,13,14,100.0,R,820.0,14
42,104907,13,14,99.99989943585012,I,37.0,14
42,104907,13,14,99.99989943585012,R,280.0,14
43,221904,13,14,100.0,I,244.0,14
43,221904,13,14,100.0,R,2098.0,14
44,127901,13,14,100.0,I,162.0,14
44,127901,13,14,100.0,R,1084.0,14
45,221905,13,14,100.0,I,58.0,14
45,221905,13,14,100.0,R,529.0,14
46,76903,13,14,100.0,I,69.0,14
46,76903,13,14,100.0,R,530.0,14
47,127903,13,14,100.0,I,84.0,14
47,127903,13,14,100.0,R,880.0,14
81,177902,13,14,100.0,I,385.0,14
81,177902,13,14,100.0,R,2293.0,14
82,76904,13,14,99.99969635090102,I,56.0,14
82,76904,13,14,99.99969635090102,R,403.0,14
83,177901,13,14,100.0,I,90.0,14
83,177901,13,14,100.0,R,673.0,14
84,208901,13,14,100.0,I,34.0,14
84,208901,13,14,100.0,R,375.0,14
96,67907,13,14,99.99855006539578,I,100.0,14
96,67907,13,14,99.99855006539578,R,998.0,14
97,67903,13,14,100.0,I,151.0,14
97,67903,13,14,100.0,R,2216.0,14
98,30901,13,14,99.74252035615065,I,85.0,14
98,30901,13,14,99.74252035615065,R,1369.0,14
99,67902,13,14,100.0,I,109.0,14
99,67902,13,14,100.0,R,1522.0,14
100,67908,13,14,99.99540112225978,I,35.0,14
100,67908,13,14,99.99540112225978,R,537.0,14
102,67904,13,14,100.0,I,42.0,14
102,67904,13,14,100.0,R,702.0,14
103,47902,13,14,97.7086378232285,I,115.0,14
103,47902,13,14,97.7086378232285,R,1258.0,14
122,177903,13,14,99.99274475304398,I,61.0,14
122,177903,13,14,99.99274475304398,R,677.0,14
123,104901,13,14,99.99244434318967,I,88.0,14
123,104901,13,14,99.99244434318967,R,918.0,14
124,104903,13,14,100.0,I,22.0,14
124,104903,13,14,100.0,R,182.0,14
176,208902,13,14,99.99573678999157,I,330.0,14
176,208902,13,14,99.99573678999157,R,3744.0,14
185,47905,13,14,95.90278645426955,I,23.0,14
185,47905,13,14,95.90278645426955,R,245.0,14
189,47903,13,14,95.4948537376137,I,27.0,14
189,47903,13,14,95.4948537376137,R,294.0,14
190,47901,13,14,99.40077763299851,I,173.0,14
190,47901,13,14,99.40077763299851,R,2090.0,14
199,168903,13,14,99.99511867287791,I,21.0,14
199,168903,13,14,99.99511867287791,R,283.0,14
200,168902,13,14,100.0,I,21.0,14
200,168902,13,14,100.0,R,333.0,14
201,208903,13,14,99.99889704783797,I,16.0,14
201,208903,13,14,99.99889704783797,R,327.0,14
202,168901,13,14,99.99743318623388,I,107.0,14
202,168901,13,14,99.99743318623388,R,1229.0,14
288,215901,13,14,99.99037715910147,I,187.0,14
288,215901,13,14,99.99037715910147,R,2505.0,14
428,217901,13,14,99.99995542386333,I,58.0,14
428,217901,13,14,99.99995542386333,R,438.0,14
530,177905,13,14,99.99992725425734,I,37.0,14
530,177905,13,14,99.99992725425734,R,302.0,14
599,30902,13,14,99.99988900166521,I,143.0,14
599,30902,13,14,99.99988900166521,R,1828.0,14
600,127904,13,14,100.0,I,99.0,14
600,127904,13,14,100.0,R,986.0,14
601,221901,13,14,100.0,I,4615.0,14
601,221901,13,14,100.0,R,22082.0,14
603,221911,13,14,99.70638335100033,I,206.0,14
603,221911,13,14,99.70638335100033,R,2550.0,14
604,30903,13,14,99.99998012846586,I,119.0,14
604,30903,13,14,99.99998012846586,R,1692.0,14
605,30906,13,14,100.0,I,195.0,14
605,30906,13,14,100.0,R,2038.0,14
606,127905,13,14,99.99999999973693,I,47.0,14
606,127905,13,14,99.99999999973693,R,459.0,14
607,209902,13,14,100.0,I,24.0,14
607,209902,13,14,100.0,R,359.0,14
608,209901,13,14,99.99996493783718,I,44.0,14
608,209901,13,14,99.99996493783718,R,945.0,14
609,221912,13,14,100.0,I,774.0,14
609,221912,13,14,100.0,R,7900.0,14
48,39904,8,09,100.0,I,21.0,09
48,39904,8,09,100.0,R,415.0,09
49,169906,8,09,99.99679382133125,I,51.0,09
49,169906,8,09,99.99679382133125,R,719.0,09
70,169909,8,09,99.99197354357399,I,54.0,09
70,169909,8,09,99.99197354357399,R,617.0,09
71,169902,8,09,99.99999376900007,I,91.0,09
71,169902,8,09,99.99999376900007,R,1120.0,09
72,169908,8,09,100.0,I,10.0,09
72,169908,8,09,100.0,R,151.0,09
73,169911,8,09,99.87034164564224,I,51.0,09
73,169911,8,09,99.87034164564224,R,1013.0,09
125,138902,8,09,99.9813381320713,I,25.0,09
125,138902,8,09,99.9813381320713,R,308.0,09
144,252902,8,09,100.0,I,98.0,09
144,252902,8,09,100.0,R,1010.0,09
145,252901,8,09,99.99809233687016,I,374.0,09
145,252901,8,09,99.99809233687016,R,4449.0,09
224,244903,8,09,99.98783358018677,I,133.0,09
224,244903,8,09,99.98783358018677,R,1522.0,09
225,78901,8,09,99.9998632493111,I,48.0,09
225,78901,8,09,99.9998632493111,R,443.0,09
331,119903,8,09,99.76826739856516,D,37.0,09
331,119903,8,09,99.76826739856516,I,35.0,09
331,119903,8,09,99.76826739856516,R,824.0,09
332,39905,8,09,100.0,I,34.0,09
332,39905,8,09,100.0,R,643.0,09
334,119901,8,09,99.99745545186582,I,47.0,09
334,119901,8,09,99.99745545186582,R,760.0,09
335,169901,8,09,99.52080055391376,I,257.0,09
335,169901,8,09,99.52080055391376,R,3864.0,09
366,243902,8,09,99.9999554401293,I,89.0,09
366,243902,8,09,99.9999554401293,R,1116.0,09
372,99902,8,09,99.96338854435051,I,104.0,09
372,99902,8,09,99.96338854435051,R,1027.0,09
373,99903,8,09,99.99443053913024,I,80.0,09
373,99903,8,09,99.99443053913024,R,1009.0,09
388,224902,8,09,99.96636851205609,I,11.0,09
388,224902,8,09,99.96636851205609,R,224.0,09
389,224901,8,09,99.99978076705428,I,27.0,09
389,224901,8,09,99.99978076705428,R,562.0,09
390,138903,8,09,99.99855384452644,I,61.0,09
390,138903,8,09,99.99855384452644,R,654.0,09
416,12901,8,09,100.0,I,96.0,09
416,12901,8,09,100.0,R,1270.0,09
464,5904,8,09,100.0,I,18.0,09
464,5904,8,09,100.0,R,393.0,09
465,252903,8,09,100.0,I,99.0,09
465,252903,8,09,100.0,R,1388.0,09
466,119902,8,09,99.99692665266663,I,114.0,09
466,119902,8,09,99.99692665266663,R,2245.0,09
520,244905,8,09,99.87740320142754,I,17.0,09
520,244905,8,09,99.87740320142754,R,151.0,09
521,244901,8,09,99.99755409654571,I,37.0,09
521,244901,8,09,99.99755409654571,R,321.0,09
529,138904,8,09,99.99996925637107,I,6.0,09
529,138904,8,09,99.99996925637107,R,152.0,09
811,243905,8,09,100.0,I,3436.0,09
811,243905,8,09,100.0,R,19823.0,09
812,39902,8,09,99.99999413860803,I,168.0,09
812,39902,8,09,99.99999413860803,R,1992.0,09
813,39903,8,09,99.99998334038267,I,99.0,09
813,39903,8,09,99.99998334038267,R,1256.0,09
814,243906,8,09,100.0,I,134.0,09
814,243906,8,09,100.0,R,976.0,09
815,243901,8,09,99.9988742297929,I,689.0,09
815,243901,8,09,99.9988742297929,R,5278.0,09
816,243903,8,09,100.0,I,279.0,09
816,243903,8,09,100.0,R,3111.0,09
817,5902,8,09,100.0,I,146.0,09
817,5902,8,09,100.0,R,1785.0,09
818,5901,8,09,100.0,I,91.0,09
818,5901,8,09,100.0,R,1298.0,09
846,169910,8,09,99.9915441339838,I,26.0,09
846,169910,8,09,99.9915441339838,R,420.0,09
50,235904,2,03,100.0,D,100.0,03
50,235904,2,03,100.0,R,587.0,03
51,235902,2,03,100.0,D,8257.0,36
51,235902,2,03,100.0,R,19310.0,36
52,120905,2,03,100.0,D,173.0,03
52,120905,2,03,100.0,R,1446.0,03
53,235901,2,03,100.0,D,527.0,03
53,235901,2,03,100.0,R,467.0,03
54,158906,2,03,99.89226742002796,D,673.0,03
54,158906,2,03,99.89226742002796,R,2008.0,03
55,158902,2,03,100.0,D,314.0,36
55,158902,2,03,100.0,R,1189.0,36
56,158904,2,03,99.99998703468457,D,31.0,03
56,158904,2,03,99.99998703468457,R,128.0,03
57,158901,2,03,100.0,D,2024.0,36
57,158901,2,03,100.0,R,3572.0,36
58,158905,2,03,99.99860795273325,D,541.0,03
58,158905,2,03,99.99860795273325,R,1610.0,03
90,241904,2,03,100.0,D,894.0,36
90,241904,2,03,100.0,R,1568.0,36
91,241906,2,03,100.0,D,149.0,36
91,241906,2,03,100.0,R,955.0,36
92,241903,2,03,100.0,D,1503.0,36
92,241903,2,03,100.0,R,4213.0,36
115,143905,2,03,100.0,D,98.0,36
115,143905,2,03,100.0,R,629.0,36
116,143906,2,03,100.0,D,72.0,36
116,143906,2,03,100.0,R,520.0,36
117,143903,2,03,99.9963224424567,D,292.0,36
117,143903,2,03,99.9963224424567,R,1558.0,36
118,143902,2,03,99.98230545910982,D,149.0,36
118,143902,2,03,99.98230545910982,R,727.0,36
255,120902,2,03,100.0,D,118.0,36
255,120902,2,03,100.0,R,729.0,36
256,120901,2,03,100.0,D,603.0,36
256,120901,2,03,100.0,R,2392.0,36
298,128903,2,03,99.97357408905017,D,144.0,03
298,128903,2,03,99.97357408905017,I,7.0,03
298,128903,2,03,99.97357408905017,R,222.0,03
299,128902,2,03,99.96730312210616,D,443.0,03
299,128902,2,03,99.96730312210616,I,32.0,03
299,128902,2,03,99.96730312210616,R,577.0,03
321,196902,2,03,99.95440723756757,D,435.0,03
321,196902,2,03,99.95440723756757,R,955.0,03
322,196901,2,03,99.99985343014632,D,140.0,03
322,196901,2,03,99.99985343014632,R,187.0,03
344,45905,2,03,99.98751785447983,D,336.0,36
344,45905,2,03,99.98751785447983,I,44.0,36
344,45905,2,03,99.98751785447983,R,1391.0,36
345,143901,2,03,99.99055308340489,D,444.0,36
345,143901,2,03,99.99055308340489,I,1.0,36
345,143901,2,03,99.99055308340489,R,2888.0,36
452,62906,2,03,100.0,D,66.0,03
452,62906,2,03,100.0,R,681.0,03
453,62904,2,03,99.99999606840937,D,222.0,03
453,62904,2,03,99.99999606840937,R,1237.0,03
454,62903,2,03,99.99984005843869,D,431.0,36
454,62903,2,03,99.99984005843869,R,2274.0,36
455,62905,2,03,99.99986532618784,D,59.0,03
455,62905,2,03,99.99986532618784,R,343.0,03
456,62902,2,03,100.0,D,76.0,03
456,62902,2,03,100.0,R,355.0,03
457,62901,2,03,99.9992191194261,D,564.0,03
457,62901,2,03,99.9992191194261,R,1808.0,03
468,128901,2,03,99.98935713905385,D,504.0,03
468,128901,2,03,99.98935713905385,I,51.0,03
468,128901,2,03,99.98935713905385,R,1119.0,03
470,45902,2,03,99.96489366037999,D,759.0,36
470,45902,2,03,99.96489366037999,I,95.0,36
470,45902,2,03,99.96489366037999,R,3407.0,36
490,196903,2,03,99.78517130847948,D,504.0,03
490,196903,2,03,99.78517130847948,R,759.0,03
504,88902,2,03,99.979446128961,D,1080.0,03
504,88902,2,03,99.979446128961,R,2420.0,03
538,128904,2,03,99.97499999677866,D,173.0,03
538,128904,2,03,99.97499999677866,I,12.0,03
538,128904,2,03,99.97499999677866,R,689.0,03
540,29901,2,03,99.99913128223547,D,2140.0,03
540,29901,2,03,99.99913128223547,R,4613.0,03
545,143904,2,03,100.0,D,58.0,36
545,143904,2,03,100.0,R,357.0,36
644,45903,2,03,99.97859921445044,D,698.0,36
644,45903,2,03,99.97859921445044,I,52.0,36
644,45903,2,03,99.97859921445044,R,1636.0,36
653,241901,2,03,99.93640972340219,D,530.0,36
653,241901,2,03,99.93640972340219,R,1096.0,36
654,241902,2,03,99.92499992078703,D,695.0,36
654,241902,2,03,99.92499992078703,R,1583.0,36
66,146907,3,04,99.99992078155955,I,195.0,04
66,146907,3,04,99.99992078155955,R,3169.0,04
157,84906,3,04,100.0,D,9540.0,04
157,84906,3,04,100.0,R,7423.0,04
240,20906,3,04,98.77341607351997,D,948.0,04
240,20906,3,04,98.77341607351997,R,2870.0,04
547,20905,3,04,97.44594297508797,D,5169.0,04
547,20905,3,04,97.44594297508797,R,12617.0,04
612,36903,3,04,99.98939792865971,I,102.0,04
612,36903,3,04,99.98939792865971,R,1381.0,04
630,237902,3,04,99.49680495326837,D,915.0,04
630,237902,3,04,99.49680495326837,I,68.0,04
630,237902,3,04,99.49680495326837,R,1964.0,04
632,101910,3,04,100.0,D,12809.0,04
632,101910,3,04,100.0,I,403.0,04
632,101910,3,04,100.0,R,3861.0,04
633,101917,3,04,100.0,D,24919.0,04
633,101917,3,04,100.0,I,2532.0,04
633,101917,3,04,100.0,R,21962.0,04
634,101902,3,04,99.97559589411449,D,39122.0,04
634,101902,3,04,99.97559589411449,I,1335.0,04
634,101902,3,04,99.97559589411449,R,10716.0,04
635,101919,3,04,99.72866230456528,D,27957.0,04
635,101919,3,04,99.72866230456528,I,1234.0,04
635,101919,3,04,99.72866230456528,R,17251.0,04
636,101925,3,04,99.99859636728371,D,657.0,04
636,101925,3,04,99.99859636728371,I,115.0,04
636,101925,3,04,99.99859636728371,R,5119.0,04
637,146901,3,04,99.84698981878232,I,481.0,04
637,146901,3,04,99.84698981878232,R,3285.0,04
639,101913,3,04,99.97334157362178,D,20715.0,04
639,101913,3,04,99.97334157362178,I,1847.0,04
639,101913,3,04,99.97334157362178,R,43871.0,04
640,101921,3,04,99.66678956649208,D,2980.0,04
640,101921,3,04,99.66678956649208,I,551.0,04
640,101921,3,04,99.66678956649208,R,12566.0,04
641,101915,3,04,99.94471414728106,D,23078.0,04
641,101915,3,04,99.94471414728106,I,2155.0,04
641,101915,3,04,99.94471414728106,R,46224.0,04
645,20910,3,04,99.99716599395158,D,36.0,04
645,20910,3,04,99.99716599395158,R,287.0,04
646,20907,3,04,99.98313532474299,D,1694.0,04
646,20907,3,04,99.98313532474299,R,6314.0,04
647,237904,3,04,99.9923251820744,D,4262.0,04
647,237904,3,04,99.9923251820744,I,350.0,04
647,237904,3,04,99.9923251820744,R,8821.0,04
648,101920,3,04,100.0,D,18873.0,04
648,101920,3,04,100.0,I,1012.0,04
648,101920,3,04,100.0,R,37396.0,04
649,101907,3,04,100.0,D,71132.0,04
649,101907,3,04,100.0,I,3675.0,04
649,101907,3,04,100.0,R,104206.0,04
650,79910,3,04,100.0,D,3289.0,04
650,79910,3,04,100.0,R,1704.0,04
651,101903,3,04,100.0,D,36994.0,04
651,101903,3,04,100.0,R,12780.0,04
652,79901,3,04,99.77192120109171,D,23005.0,04
652,79901,3,04,99.77192120109171,R,38196.0,04
655,237905,3,04,99.98157700487529,D,1221.0,04
655,237905,3,04,99.98157700487529,I,96.0,04
655,237905,3,04,99.98157700487529,R,2063.0,04
656,101914,3,04,100.0,D,37573.0,04
656,101914,3,04,100.0,I,1326.0,04
656,101914,3,04,100.0,R,68159.0,04
659,79906,3,04,99.98690931258507,D,974.0,04
659,79906,3,04,99.98690931258507,R,3966.0,04
660,20901,3,04,100.0,D,15006.0,04
660,20901,3,04,100.0,R,21913.0,04
661,20908,3,04,100.0,D,13998.0,04
661,20908,3,04,100.0,R,23082.0,04
662,20904,3,04,100.0,D,202.0,04
662,20904,3,04,100.0,R,1234.0,04
663,20902,3,04,100.0,D,4110.0,04
663,20902,3,04,100.0,R,10606.0,04
664,101912,3,04,100.0,D,278327.0,04
664,101912,3,04,100.0,I,7841.0,04
664,101912,3,04,100.0,R,135802.0,04
665,84909,3,04,100.0,D,2414.0,04
665,84909,3,04,100.0,R,9169.0,04
666,84908,3,04,100.0,D,1853.0,04
666,84908,3,04,100.0,R,2462.0,04
667,84911,3,04,100.0,D,2645.0,04
667,84911,3,04,100.0,R,11899.0,04
668,79907,3,04,100.0,D,85509.0,04
668,79907,3,04,100.0,R,61250.0,04
725,146905,3,04,99.99859140841515,I,73.0,04
725,146905,3,04,99.99859140841515,R,848.0,04
726,146906,3,04,100.0,I,424.0,04
726,146906,3,04,100.0,R,3413.0,04
727,146904,3,04,99.99897268410729,I,139.0,04
727,146904,3,04,99.99897268410729,R,2342.0,04
728,146903,3,04,99.99925965013739,I,30.0,04
728,146903,3,04,99.99925965013739,R,335.0,04
869,84902,3,04,99.99609566149107,D,8628.0,04
869,84902,3,04,99.99609566149107,R,8626.0,04
993,101924,3,04,100.0,D,6304.0,04
993,101924,3,04,100.0,I,539.0,04
993,101924,3,04,100.0,R,3892.0,04
994,101908,3,04,100.0,D,1233.0,04
994,101908,3,04,100.0,I,1439.0,04
994,101908,3,04,100.0,R,12698.0,04
995,101905,3,04,100.0,D,3034.0,04
995,101905,3,04,100.0,I,780.0,04
995,101905,3,04,100.0,R,2561.0,04
996,36902,3,04,100.0,I,454.0,04
996,36902,3,04,100.0,R,6798.0,04
997,146902,3,04,100.0,D,12.0,04
997,146902,3,04,100.0,I,630.0,04
997,146902,3,04,100.0,R,6159.0,04
998,84901,3,04,100.0,D,6293.0,04
998,84901,3,04,100.0,R,11082.0,04
999,84910,3,04,100.0,D,19084.0,04
999,84910,3,04,100.0,I,5192.0,04
999,84910,3,04,100.0,R,63350.0,04
1000,101906,3,04,100.0,D,234.0,04
1000,101906,3,04,100.0,I,932.0,04
1000,101906,3,04,100.0,R,7725.0,04
1001,101916,3,04,100.0,I,1545.0,04
1001,101916,3,04,100.0,R,11614.0,04
1002,101911,3,04,100.0,I,3606.0,04
1002,101911,3,04,100.0,R,15448.0,04
1003,36901,3,04,99.97606784190806,I,333.0,04
1003,36901,3,04,99.97606784190806,R,3616.0,04
156,89903,12,13,99.99095728477195,D,320.0,13
156,89903,12,13,99.99095728477195,I,11.0,13
156,89903,12,13,99.99095728477195,R,1167.0,13
384,75903,12,13,99.99462249321229,D,362.0,13
384,75903,12,13,99.99462249321229,I,36.0,13
384,75903,12,13,99.99462249321229,R,1658.0,13
385,75902,12,13,99.99759857282271,D,888.0,13
385,75902,12,13,99.99759857282271,I,124.0,13
385,75902,12,13,99.99759857282271,R,3842.0,13
386,75901,12,13,99.99976901486365,D,293.0,13
386,75901,12,13,99.99976901486365,I,41.0,13
386,75901,12,13,99.99976901486365,R,1302.0,13
387,75906,12,13,99.9996237090206,D,117.0,13
387,75906,12,13,99.9996237090206,I,14.0,13
387,75906,12,13,99.9996237090206,R,659.0,13
404,166905,12,13,98.73448572825413,D,262.0,13
404,166905,12,13,98.73448572825413,I,47.0,13
404,166905,12,13,98.73448572825413,R,912.0,13
405,246907,12,13,99.93515947019527,D,1468.0,13
405,246907,12,13,99.93515947019527,I,211.0,13
405,246907,12,13,99.93515947019527,R,3938.0,13
406,246905,12,13,99.93454897398692,D,272.0,13
406,246905,12,13,99.93454897398692,I,41.0,13
406,246905,12,13,99.93454897398692,R,792.0,13
477,246902,12,13,99.9320426304521,D,591.0,13
477,246902,12,13,99.9320426304521,I,134.0,13
477,246902,12,13,99.9320426304521,R,2205.0,13
573,89905,12,13,99.99514502287377,D,284.0,13
573,89905,12,13,99.99514502287377,R,474.0,13
574,89901,12,13,99.99207153098035,D,991.0,13
574,89901,12,13,99.99207153098035,R,3165.0,13
575,28906,12,13,100.0,D,243.0,13
575,28906,12,13,100.0,I,9.0,13
575,28906,12,13,100.0,R,336.0,13
576,28903,12,13,100.0,D,625.0,13
576,28903,12,13,100.0,I,8.0,13
576,28903,12,13,100.0,R,1346.0,13
577,11904,12,13,100.0,D,1494.0,13
577,11904,12,13,100.0,I,129.0,13
577,11904,12,13,100.0,R,3363.0,13
615,144903,12,13,99.93418051342648,D,132.0,13
615,144903,12,13,99.93418051342648,I,11.0,13
615,144903,12,13,99.93418051342648,R,393.0,13
617,75908,12,13,99.999719068147,D,148.0,13
617,75908,12,13,99.999719068147,I,27.0,13
617,75908,12,13,99.999719068147,R,970.0,13
618,144901,12,13,99.93400011252582,D,590.0,13
618,144901,12,13,99.93400011252582,I,67.0,13
618,144901,12,13,99.93400011252582,R,2666.0,13
688,150901,12,13,99.99964697007022,I,1516.0,13
688,150901,12,13,99.99964697007022,R,7906.0,13
689,246908,12,13,100.0,D,1195.0,13
689,246908,12,13,100.0,I,315.0,13
689,246908,12,13,100.0,R,4371.0,13
690,27903,12,13,99.99320120572885,D,1817.0,13
690,27903,12,13,99.99320120572885,I,449.0,13
690,27903,12,13,99.99320120572885,R,8429.0,13
691,246904,12,13,100.0,D,10288.0,13
691,246904,12,13,100.0,I,1607.0,13
691,246904,12,13,100.0,R,24036.0,13
692,28902,12,13,100.0,D,3876.0,13
692,28902,12,13,100.0,I,131.0,13
692,28902,12,13,100.0,R,4278.0,13
693,105906,12,13,100.0,D,14502.0,13
693,105906,12,13,100.0,I,1854.0,13
693,105906,12,13,100.0,R,15429.0,13
694,246912,12,13,100.0,D,274.0,13
694,246912,12,13,100.0,I,53.0,13
694,246912,12,13,100.0,R,1044.0,13
695,144902,12,13,96.20469591266563,D,559.0,13
695,144902,12,13,96.20469591266563,I,122.0,13
695,144902,12,13,96.20469591266563,R,2026.0,13
696,11905,12,13,100.0,D,190.0,13
696,11905,12,13,100.0,I,42.0,13
696,11905,12,13,100.0,R,454.0,13
697,11901,12,13,100.0,D,6468.0,13
697,11901,12,13,100.0,I,457.0,13
697,11901,12,13,100.0,R,10209.0,13
698,227910,12,13,100.0,D,13369.0,13
698,227910,12,13,100.0,I,1394.0,13
698,227910,12,13,100.0,R,3307.0,13
699,227904,12,13,100.0,D,25922.0,13
699,227904,12,13,100.0,I,2737.0,13
699,227904,12,13,100.0,R,16205.0,13
700,227907,12,13,100.0,D,8703.0,13
700,227907,12,13,100.0,I,726.0,13
700,227907,12,13,100.0,R,3265.0,13
701,246914,12,13,100.0,D,89.0,13
701,246914,12,13,100.0,I,16.0,13
701,246914,12,13,100.0,R,299.0,13
702,246911,12,13,100.0,D,2038.0,13
702,246911,12,13,100.0,I,218.0,13
702,246911,12,13,100.0,R,3162.0,13
703,11902,12,13,100.0,D,2585.0,13
703,11902,12,13,100.0,I,307.0,13
703,11902,12,13,100.0,R,3185.0,13
704,246909,12,13,100.0,D,46217.0,13
704,246909,12,13,100.0,I,5613.0,13
704,246909,12,13,100.0,R,44469.0,13
705,246906,12,13,100.0,D,4496.0,13
705,246906,12,13,100.0,I,688.0,13
705,246906,12,13,100.0,R,6755.0,13
706,227913,12,13,100.0,D,7981.0,13
706,227913,12,13,100.0,I,1096.0,13
706,227913,12,13,100.0,R,15169.0,13
707,227909,12,13,100.0,D,9001.0,13
707,227909,12,13,100.0,I,957.0,13
707,227909,12,13,100.0,R,9683.0,13
708,227901,12,13,100.0,D,189898.0,13
708,227901,12,13,100.0,I,19917.0,13
708,227901,12,13,100.0,R,73276.0,13
709,105904,12,13,100.0,D,4714.0,13
709,105904,12,13,100.0,I,630.0,13
709,105904,12,13,100.0,R,8180.0,13
710,27904,12,13,100.0,D,2537.0,13
710,27904,12,13,100.0,I,385.0,13
710,27904,12,13,100.0,R,8348.0,13
711,246913,12,13,100.0,D,28726.0,13
711,246913,12,13,100.0,I,4535.0,13
711,246913,12,13,100.0,R,43420.0,13
712,227912,12,13,100.0,D,1112.0,13
712,227912,12,13,100.0,I,202.0,13
712,227912,12,13,100.0,R,2729.0,13
713,16901,12,13,100.0,D,800.0,13
713,16901,12,13,100.0,I,169.0,13
713,16901,12,13,100.0,R,2483.0,13
756,86024,12,13,99.97751704657503,D,23.0,13
756,86024,12,13,99.97751704657503,I,11.0,13
756,86024,12,13,99.97751704657503,R,265.0,13
760,86902,12,13,99.82634114039823,D,177.0,13
760,86902,12,13,99.82634114039823,I,87.0,13
760,86902,12,13,99.82634114039823,R,1570.0,13
761,86901,12,13,99.98901298159866,D,1753.0,13
761,86901,12,13,99.98901298159866,I,550.0,13
761,86901,12,13,99.98901298159866,R,9255.0,13
764,130902,12,13,99.28522794664997,D,705.0,13
764,130902,12,13,99.28522794664997,I,205.0,13
764,130902,12,13,99.28522794664997,R,3420.0,13
881,94903,12,13,100.0,D,1128.0,13
881,94903,12,13,100.0,I,185.0,13
881,94903,12,13,100.0,R,2977.0,13
882,16902,12,13,99.94991429731776,D,981.0,13
882,16902,12,13,99.94991429731776,I,285.0,13
882,16902,12,13,99.94991429731776,R,3756.0,13
883,94902,12,13,99.85703740540566,D,9600.0,13
883,94902,12,13,99.85703740540566,I,1213.0,13
883,94902,12,13,99.85703740540566,R,16580.0,13
885,105905,12,13,100.0,D,2164.0,13
885,105905,12,13,100.0,I,243.0,13
885,105905,12,13,100.0,R,3677.0,13
886,105902,12,13,100.0,D,10445.0,13
886,105902,12,13,100.0,I,1628.0,13
886,105902,12,13,100.0,R,7833.0,13
887,46901,12,13,100.0,D,4165.0,13
887,46901,12,13,100.0,I,811.0,13
887,46901,12,13,100.0,R,11763.0,13
888,94901,12,13,99.94885821499025,D,4154.0,13
888,94901,12,13,99.94885821499025,I,611.0,13
888,94901,12,13,99.94885821499025,R,8756.0,13
889,94904,12,13,99.80300279657426,D,860.0,13
889,94904,12,13,99.80300279657426,I,180.0,13
889,94904,12,13,99.80300279657426,R,2947.0,13
890,46902,12,13,99.9347718089745,D,12174.0,13
890,46902,12,13,99.9347718089745,I,2607.0,13
890,46902,12,13,99.9347718089745,R,42829.0,13
178,115902,18,19,99.98637545803277,D,62.0,19
178,115902,18,19,99.98637545803277,I,6.0,19
178,115902,18,19,99.98637545803277,R,73.0,19
179,115901,18,19,99.99783974914556,D,214.0,19
179,115901,18,19,99.99783974914556,I,25.0,19
179,115901,18,19,99.99783974914556,R,247.0,19
180,115903,18,19,99.99518190946355,D,41.0,19
180,115903,18,19,99.99518190946355,I,2.0,19
180,115903,18,19,99.99518190946355,R,46.0,19
211,71908,18,19,99.99218561367987,D,443.0,19
211,71908,18,19,99.99218561367987,I,20.0,19
211,71908,18,19,99.99218561367987,R,130.0,19
212,71903,18,19,99.56809852071257,D,1835.0,19
212,71903,18,19,99.56809852071257,I,82.0,19
212,71903,18,19,99.56809852071257,R,425.0,19
891,71904,18,19,99.90357337439944,D,1695.0,19
891,71904,18,19,99.90357337439944,I,64.0,19
891,71904,18,19,99.90357337439944,R,271.0,19
892,71901,18,19,99.99991206797195,D,6307.0,19
892,71901,18,19,99.99991206797195,I,864.0,19
892,71901,18,19,99.99991206797195,R,760.0,19
906,71906,18,19,99.99240769355082,D,657.0,19
906,71906,18,19,99.99240769355082,I,116.0,19
907,71902,18,19,99.93799547124934,D,67646.0,19
907,71902,18,19,99.93799547124934,I,11816.0,19
908,71907,18,19,99.99818349968567,D,7230.0,19
908,71907,18,19,99.99818349968567,I,1454.0,19
909,71905,18,19,99.9072799019033,D,42500.0,19
909,71905,18,19,99.9072799019033,I,5659.0,19
909,71905,18,19,99.9072799019033,R,449.0,19
910,71909,18,19,99.99901359811832,D,38656.0,19
910,71909,18,19,99.99901359811832,I,5714.0,19
910,71909,18,19,99.99901359811832,R,1101.0,19
249,214903,0,01,99.99994891181748,D,3372.0,01
249,214903,0,01,99.99994891181748,I,43.0,01
249,214903,0,01,99.99994891181748,R,429.0,01
584,253901,0,01,99.9991768647364,D,2497.0,01
584,253901,0,01,99.9991768647364,I,42.0,01
584,253901,0,01,99.9991768647364,R,494.0,01
585,240901,0,01,99.85778025211198,D,15318.0,01
585,240901,0,01,99.85778025211198,I,446.0,01
585,240901,0,01,99.85778025211198,R,1392.0,01
592,124901,0,01,99.99525408831944,D,1678.0,01
592,124901,0,01,99.99525408831944,I,68.0,01
592,124901,0,01,99.99525408831944,R,248.0,01
596,240904,0,01,99.999915678832,D,999.0,01
596,240904,0,01,99.999915678832,I,24.0,01
596,240904,0,01,99.999915678832,R,124.0,01
598,240903,0,01,99.99498805129167,D,31738.0,01
598,240903,0,01,99.99498805129167,I,936.0,01
598,240903,0,01,99.99498805129167,R,4698.0,01
787,214902,0,01,99.99999273739896,D,199.0,01
787,214902,0,01,99.99999273739896,I,5.0,01
787,214902,0,01,99.99999273739896,R,79.0,01
789,108912,0,01,99.98864385513407,D,10854.0,01
789,108912,0,01,99.98864385513407,I,322.0,01
789,108912,0,01,99.98864385513407,R,2224.0,01
790,214901,0,01,99.99991821318675,D,5294.0,01
790,214901,0,01,99.99991821318675,I,93.0,01
790,214901,0,01,99.99991821318675,R,818.0,01
791,108908,0,01,99.96357122478112,D,9060.0,01
791,108908,0,01,99.96357122478112,I,432.0,01
791,108908,0,01,99.96357122478112,R,3110.0,01
792,108906,0,01,100.0,D,18479.0,01
792,108906,0,01,100.0,I,1503.0,01
792,108906,0,01,100.0,R,9433.0,01
793,108916,0,01,100.0,D,3173.0,01
793,108916,0,01,100.0,I,200.0,01
793,108916,0,01,100.0,R,461.0,01
794,108911,0,01,100.0,D,6795.0,01
794,108911,0,01,100.0,I,441.0,01
794,108911,0,01,100.0,R,4172.0,01
795,108909,0,01,100.0,D,17881.0,01
795,108909,0,01,100.0,I,767.0,01
795,108909,0,01,100.0,R,5483.0,01
796,108905,0,01,99.0030564127573,D,1898.0,01
796,108905,0,01,99.0030564127573,I,86.0,01
796,108905,0,01,99.0030564127573,R,283.0,01
797,108904,0,01,99.9999261331958,D,19694.0,01
797,108904,0,01,99.9999261331958,I,1694.0,01
797,108904,0,01,99.9999261331958,R,7347.0,01
798,108903,0,01,100.0,D,4332.0,01
798,108903,0,01,100.0,I,222.0,01
798,108903,0,01,100.0,R,549.0,01
799,108910,0,01,99.99852653936313,D,907.0,01
799,108910,0,01,99.99852653936313,R,259.0,01
800,108913,0,01,100.0,D,9806.0,01
800,108913,0,01,100.0,I,460.0,01
800,108913,0,01,100.0,R,3807.0,01
801,108902,0,01,99.96870031309695,D,7733.0,01
801,108902,0,01,99.96870031309695,I,219.0,01
801,108902,0,01,99.96870031309695,R,2684.0,01
1004,108915,0,01,100.0,D,678.0,01
1004,108915,0,01,100.0,I,39.0,01
1004,108915,0,01,100.0,R,183.0,01
1005,245904,0,01,99.99993845789717,D,230.0,01
1005,245904,0,01,99.99993845789717,R,217.0,01
1006,245903,0,01,99.98372073660738,D,1214.0,01
1006,245903,0,01,99.98372073660738,R,481.0,01
1007,245901,0,01,100.0,D,266.0,01
1007,245901,0,01,100.0,R,90.0,01
1008,108914,0,01,100.0,D,816.0,01
1008,108914,0,01,100.0,I,51.0,01
1008,108914,0,01,100.0,R,158.0,01
1009,108907,0,01,99.95933610649799,D,3353.0,01
1009,108907,0,01,99.95933610649799,I,289.0,01
1009,108907,0,01,99.95933610649799,R,809.0,01
1010,31914,0,01,100.0,D,530.0,01
1010,31914,0,01,100.0,R,177.0,01
1011,31905,0,01,100.0,D,2388.0,01
1011,31905,0,01,100.0,R,1524.0,01
1012,31913,0,01,99.83831154556067,D,454.0,01
1012,31913,0,01,99.83831154556067,R,127.0,01
1013,31911,0,01,100.0,D,1413.0,01
1013,31911,0,01,100.0,R,1024.0,01
1014,245902,0,01,99.99999424863427,D,1496.0,01
1014,245902,0,01,99.99999424863427,R,574.0,01
1015,31903,0,01,100.0,D,11083.0,01
1015,31903,0,01,100.0,R,8167.0,01
1016,31901,0,01,99.87361951043346,D,30276.0,01
1016,31901,0,01,99.87361951043346,R,8762.0,01
1017,31912,0,01,99.74138957574642,D,5623.0,01
1017,31912,0,01,99.74138957574642,R,2579.0,01
1018,31909,0,01,99.96558149698456,D,2083.0,01
1018,31909,0,01,99.96558149698456,R,1528.0,01
1019,31906,0,01,100.0,D,7836.0,01
1019,31906,0,01,100.0,R,4134.0,01
