DISTRICT_N,REGION,NEW
73901,12,12
73901,12,12
73901,12,12
18908,12,12
18908,12,12
18908,12,12
50909,12,12
50909,12,12
50909,12,12
50901,12,12
50901,12,12
50901,12,12
97903,12,12
97903,12,12
97903,12,12
97902,12,12
97902,12,12
97902,12,12
141902,12,12
141902,12,12
141902,12,12
18906,12,12
18906,12,12
18906,12,12
161914,12,12
161914,12,12
161914,12,12
161903,12,12
161903,12,12
161903,12,12
161909,12,12
161909,12,12
161909,12,12
161924,12,12
161924,12,12
161924,12,12
161923,12,12
161923,12,12
161923,12,12
50904,12,12
50904,12,12
50904,12,12
161901,12,12
161901,12,12
161901,12,12
175911,12,12
175911,12,12
175911,12,12
175910,12,12
175910,12,12
175910,12,12
175907,12,12
175907,12,12
175907,12,12
167904,12,12
167904,12,12
167904,12,12
167902,12,12
167902,12,12
81906,12,12
81906,12,12
81906,12,12
81905,12,12
81905,12,12
81905,12,12
81904,12,12
81904,12,12
81904,12,12
147903,12,12
147903,12,12
147903,12,12
81902,12,12
81902,12,12
81902,12,12
175903,12,12
175903,12,12
175903,12,12
73904,12,12
73904,12,12
73904,12,12
161922,12,12
161922,12,12
161922,12,12
161912,12,12
161912,12,12
161912,12,12
161908,12,12
161908,12,12
161908,12,12
73903,12,12
73903,12,12
73903,12,12
161907,12,12
161907,12,12
161907,12,12
147902,12,12
147902,12,12
147902,12,12
14909,12,12
14909,12,12
14909,12,12
14908,12,12
14908,12,12
14908,12,12
14907,12,12
14907,12,12
14907,12,12
14905,12,12
14905,12,12
14905,12,12
14903,12,12
14903,12,12
14903,12,12
14901,12,12
14901,12,12
14901,12,12
14902,12,12
14902,12,12
14902,12,12
14910,12,12
14910,12,12
14910,12,12
73905,12,12
73905,12,12
73905,12,12
161919,12,12
161919,12,12
161919,12,12
161910,12,12
161910,12,12
161910,12,12
141901,12,12
141901,12,12
141901,12,12
14906,12,12
14906,12,12
14906,12,12
50902,12,12
50902,12,12
50902,12,12
50910,12,12
50910,12,12
50910,12,12
18905,12,12
18905,12,12
18905,12,12
167901,12,12
167901,12,12
167901,12,12
161920,12,12
161920,12,12
161920,12,12
18904,12,12
18904,12,12
18904,12,12
175902,12,12
175902,12,12
175902,12,12
175905,12,12
175905,12,12
175905,12,12
109907,12,12
109907,12,12
109907,12,12
109903,12,12
109903,12,12
109903,12,12
109911,12,12
109911,12,12
109911,12,12
109913,12,12
109913,12,12
109913,12,12
18903,12,12
18903,12,12
18903,12,12
18902,12,12
18902,12,12
18902,12,12
18901,12,12
18901,12,12
18901,12,12
18907,12,12
18907,12,12
18907,12,12
175904,12,12
175904,12,12
175904,12,12
109908,12,12
109908,12,12
109908,12,12
147901,12,12
147901,12,12
147901,12,12
109905,12,12
109905,12,12
109905,12,12
109902,12,12
109902,12,12
109902,12,12
109904,12,12
109904,12,12
109904,12,12
161916,12,12
161916,12,12
161916,12,12
109910,12,12
109910,12,12
109910,12,12
161918,12,12
161918,12,12
161918,12,12
161906,12,12
161906,12,12
161906,12,12
161921,12,12
161921,12,12
161921,12,12
109914,12,12
109914,12,12
109914,12,12
109912,12,12
109912,12,12
109912,12,12
109901,12,12
109901,12,12
109901,12,12
161925,12,12
161925,12,12
161925,12,12
198901,6,6
198901,6,6
198901,6,6
228905,6,6
228905,6,6
228905,6,6
228903,6,6
228903,6,6
228903,6,6
113906,6,6
113906,6,6
113906,6,6
113903,6,6
113903,6,6
113903,6,6
113905,6,6
113905,6,6
113905,6,6
113902,6,6
113902,6,6
113902,6,6
113901,6,6
113901,6,6
113901,6,6
154903,6,6
154903,6,6
154903,6,6
145906,6,6
145906,6,6
145906,6,6
145902,6,6
145902,6,6
145902,6,6
166904,6,6
166904,6,6
166904,6,6
166903,6,6
166903,6,6
166903,6,6
166902,6,6
166902,6,6
166902,6,6
166901,6,6
166901,6,6
166901,6,6
166907,6,6
166907,6,6
166907,6,6
236901,6,6
236901,6,6
236901,6,6
236902,6,6
236902,6,6
236902,6,6
170904,6,6
170904,6,6
170904,6,6
170907,6,6
170907,6,6
170907,6,6
170903,6,6
170903,6,6
170903,6,6
93905,6,6
93905,6,6
93905,6,6
145907,6,6
145907,6,6
145907,6,6
145901,6,6
145901,6,6
145901,6,6
93903,6,6
93903,6,6
93903,6,6
93901,6,6
93901,6,6
93901,6,6
154901,6,6
154901,6,6
154901,6,6
198906,6,6
198906,6,6
198906,6,6
198905,6,6
198905,6,6
198905,6,6
198903,6,6
198903,6,6
198903,6,6
198902,6,6
198902,6,6
198902,6,6
145911,6,6
145911,6,6
145911,6,6
239903,6,6
239903,6,6
239903,6,6
8901,6,6
8901,6,6
8901,6,6
26903,6,6
26903,6,6
26903,6,6
26902,6,6
26902,6,6
26902,6,6
26901,6,6
26901,6,6
26901,6,6
21902,6,6
21902,6,6
21902,6,6
21901,6,6
21901,6,6
21901,6,6
239901,6,6
239901,6,6
239901,6,6
93904,6,6
93904,6,6
93904,6,6
170908,6,6
170908,6,6
170908,6,6
170906,6,6
170906,6,6
170906,6,6
170902,6,6
170902,6,6
170902,6,6
8903,6,6
8903,6,6
8903,6,6
8902,6,6
8902,6,6
8902,6,6
187910,6,6
187910,6,6
187910,6,6
187903,6,6
187903,6,6
187903,6,6
187901,6,6
187901,6,6
204904,6,6
204904,6,6
204904,6,6
204901,6,6
204901,6,6
204901,6,6
228904,6,6
228904,6,6
228904,6,6
228901,6,6
228901,6,6
228901,6,6
187907,6,6
187907,6,6
187907,6,6
187906,6,6
187906,6,6
187904,6,6
187904,6,6
187904,6,6
63906,17,17
63906,17,17
63903,17,17
63903,17,17
140907,17,17
140907,17,17
85902,17,17
85902,17,17
153904,17,17
153904,17,17
153903,17,17
153903,17,17
58902,17,17
58902,17,17
58906,17,17
58906,17,17
58905,17,17
58905,17,17
223902,17,17
223902,17,17
223904,17,17
223904,17,17
83902,17,17
83902,17,17
132902,17,17
132902,17,17
17901,17,17
17901,17,17
58909,17,17
58909,17,17
95905,17,17
95905,17,17
173901,17,17
173901,17,17
77902,17,17
77902,17,17
77901,17,17
77901,17,17
140904,17,17
140904,17,17
140901,17,17
140901,17,17
83903,17,17
83903,17,17
135001,17,17
135001,17,17
54903,17,17
54903,17,17
54901,17,17
54901,17,17
40902,17,17
40902,17,17
40901,17,17
40901,17,17
251902,17,17
251902,17,17
251901,17,17
251901,17,17
223901,17,17
223901,17,17
83901,17,17
83901,17,17
9901,17,17
9901,17,17
140908,17,17
140908,17,17
110908,17,17
110908,17,17
110907,17,17
110907,17,17
110902,17,17
110902,17,17
51901,17,17
51901,17,17
140905,17,17
140905,17,17
95903,17,17
95903,17,17
95902,17,17
95902,17,17
110901,17,17
110901,17,17
110905,17,17
110905,17,17
110906,17,17
110906,17,17
95901,17,17
95901,17,17
95904,17,17
95904,17,17
153905,17,17
153905,17,17
152909,17,17
152909,17,17
152902,17,17
152902,17,17
152907,17,17
152907,17,17
152901,17,17
152901,17,17
152910,17,17
152910,17,17
152903,17,17
152903,17,17
153907,17,17
153907,17,17
85903,17,17
85903,17,17
152908,17,17
152908,17,17
54902,17,17
54902,17,17
152906,17,17
152906,17,17
96904,16,16
96904,16,16
23902,16,16
23902,16,16
35903,16,16
35903,16,16
35902,16,16
35902,16,16
35901,16,16
35901,16,16
33902,16,16
33902,16,16
117903,16,16
117903,16,16
98903,16,16
98903,16,16
117904,16,16
117904,16,16
117907,16,16
117907,16,16
117901,16,16
117901,16,16
98904,16,16
98904,16,16
44902,16,16
44902,16,16
171902,16,16
171902,16,16
171901,16,16
171901,16,16
106901,16,16
106901,16,16
148901,16,16
148901,16,16
103902,16,16
103902,16,16
103901,16,16
103901,16,16
56901,16,16
56901,16,16
65902,16,16
65902,16,16
96905,16,16
96905,16,16
180904,16,16
180904,16,16
191901,16,16
191901,16,16
56902,16,16
56902,16,16
242905,16,16
242905,16,16
242902,16,16
242902,16,16
180901,16,16
180901,16,16
180902,16,16
180902,16,16
180903,16,16
180903,16,16
59902,16,16
59902,16,16
219903,16,16
219903,16,16
219905,16,16
219905,16,16
185904,16,16
185904,16,16
59901,16,16
59901,16,16
185903,16,16
185903,16,16
185901,16,16
185901,16,16
33904,16,16
33904,16,16
242903,16,16
242903,16,16
90904,16,16
90904,16,16
197902,16,16
197902,16,16
90902,16,16
90902,16,16
90905,16,16
90905,16,16
242906,16,16
242906,16,16
90903,16,16
90903,16,16
38901,16,16
38901,16,16
148903,16,16
148903,16,16
148902,16,16
148902,16,16
148905,16,16
148905,16,16
211901,16,16
211901,16,16
98901,16,16
98901,16,16
188904,16,16
188904,16,16
188902,16,16
188902,16,16
188903,16,16
188903,16,16
188901,16,16
188901,16,16
6902,16,16
6902,16,16
33901,16,16
33901,16,16
65901,16,16
65901,16,16
219901,16,16
219901,16,16
185902,16,16
185902,16,16
211902,16,16
211902,16,16
179901,16,16
179901,16,16
91906,10,10
91906,10,10
91914,10,10
91914,10,10
91913,10,10
91913,10,10
70912,10,36
70912,10,36
70912,10,36
70911,10,36
70911,10,36
70911,10,36
70910,10,36
70910,10,36
70910,10,36
70903,10,36
70903,10,36
70903,10,36
91903,10,10
91903,10,10
91901,10,10
91901,10,10
91909,10,10
91909,10,10
91902,10,10
91902,10,10
129910,10,28
129910,10,28
129910,10,28
129904,10,28
129904,10,28
129904,10,28
57913,10,36
57913,10,36
57913,10,36
57911,10,36
57911,10,36
57907,10,36
57907,10,36
57907,10,36
57906,10,36
57906,10,36
57906,10,36
70905,10,36
70905,10,36
70905,10,36
234902,10,28
234902,10,28
129905,10,28
129905,10,28
74911,10,10
74911,10,10
91918,10,10
91918,10,10
91905,10,10
91905,10,10
57916,10,29
57916,10,29
57916,10,29
57914,10,22
57914,10,22
57914,10,22
129901,10,22
129901,10,22
129901,10,22
57919,10,22
57919,10,22
57909,10,29
57909,10,29
57909,10,29
43919,10,10
43919,10,10
43919,10,10
74917,10,10
74917,10,10
74905,10,10
74905,10,10
74904,10,10
74904,10,10
43902,10,10
43902,10,10
43902,10,10
91910,10,10
91910,10,10
91908,10,10
91908,10,10
43908,10,10
43908,10,10
43908,10,10
70907,10,34
70907,10,34
70907,10,34
70901,10,34
70901,10,34
70901,10,34
70909,10,34
70909,10,34
70909,10,34
70915,10,36
70915,10,36
70915,10,36
57912,10,36
57912,10,36
57912,10,36
57905,10,36
57905,10,36
57905,10,36
91907,10,10
91907,10,10
91907,10,10
91917,10,10
91917,10,10
91917,10,10
43903,10,10
43903,10,10
43903,10,10
43901,10,10
43901,10,10
43901,10,10
43907,10,10
43907,10,10
43907,10,10
57922,10,29
57922,10,29
57922,10,29
57903,10,29
57903,10,29
57903,10,29
43910,10,29
43910,10,29
43910,10,29
43912,10,10
43912,10,10
43912,10,10
43905,10,10
43905,10,10
43905,10,10
74907,10,10
74907,10,10
43914,10,29
43914,10,29
43914,10,29
43911,10,10
43911,10,10
43911,10,10
70908,10,36
70908,10,36
70908,10,36
57910,10,36
57910,10,36
57910,10,36
57904,10,36
57904,10,36
57904,10,36
116910,10,22
116910,10,22
116916,10,22
116916,10,22
116906,10,22
116906,10,22
129906,10,22
129906,10,22
129903,10,22
129903,10,22
116908,10,22
116908,10,22
234907,10,22
234907,10,22
129902,10,22
129902,10,22
199902,10,22
199902,10,22
199901,10,22
199901,10,22
74912,10,10
74912,10,10
116903,10,22
116903,10,22
74903,10,10
74903,10,10
116901,10,29
116901,10,29
43904,10,10
43904,10,10
43904,10,10
43918,10,29
43918,10,29
43918,10,29
116902,10,29
116902,10,29
116909,10,29
116909,10,29
74909,10,10
74909,10,10
116905,10,22
116905,10,22
116915,10,29
116915,10,29
43917,10,10
43917,10,10
43917,10,10
72908,11,23
72908,11,23
72908,11,23
72909,11,23
72909,11,23
72909,11,23
72901,11,23
72901,11,23
72901,11,23
72903,11,23
72903,11,23
72903,11,23
182904,11,23
182904,11,23
182904,11,23
72910,11,23
72910,11,23
182901,11,23
182901,11,23
72902,11,23
72902,11,23
72902,11,23
249906,11,33
249906,11,33
249906,11,33
249904,11,11
249904,11,11
249903,11,33
249903,11,33
184901,11,33
184901,11,33
184901,11,33
184908,11,23
184908,11,23
184908,11,23
184911,11,23
184911,11,23
184911,11,23
182905,11,23
182905,11,23
182906,11,23
182906,11,23
182903,11,23
182903,11,23
182903,11,23
184904,11,23
184904,11,23
184904,11,23
182902,11,23
182902,11,23
49908,11,11
49908,11,11
49909,11,11
49909,11,11
49902,11,11
49902,11,11
49907,11,11
49907,11,11
49901,11,11
49901,11,11
72904,11,23
72904,11,23
111902,11,23
111902,11,23
111902,11,23
184909,11,23
184909,11,23
184909,11,23
111903,11,23
111903,11,23
111903,11,23
213901,11,23
213901,11,23
213901,11,23
126907,11,31
126907,11,31
126907,11,31
49905,11,11
49905,11,11
249901,11,11
249901,11,11
220919,11,33
220919,11,33
220919,11,33
220906,11,33
220906,11,33
220906,11,33
61912,11,11
61912,11,11
61912,11,11
61910,11,11
61910,11,11
61910,11,11
61907,11,11
61907,11,11
61907,11,11
61914,11,11
61914,11,11
61914,11,11
61902,11,33
61902,11,33
61902,11,33
61908,11,11
61908,11,11
61908,11,11
249908,11,11
249908,11,11
249908,11,11
49903,11,11
49903,11,11
49903,11,11
49906,11,11
49906,11,11
49906,11,11
61903,11,11
61903,11,11
61903,11,11
61906,11,11
61906,11,11
61906,11,11
249905,11,11
249905,11,11
249905,11,11
61905,11,11
61905,11,11
61905,11,11
61901,11,11
61901,11,11
61901,11,11
111901,11,23
111901,11,23
111901,11,23
249902,11,33
249902,11,33
249902,11,33
184902,11,33
184902,11,33
184902,11,33
184903,11,23
184903,11,23
184903,11,23
220907,11,33
220907,11,33
220907,11,33
61911,11,11
61911,11,11
61911,11,11
220920,11,23
220920,11,23
220920,11,23
220910,11,23
220910,11,23
220910,11,23
220916,11,31
220916,11,31
220916,11,31
220918,11,33
220918,11,33
220918,11,33
220917,11,23
220917,11,23
220917,11,23
220902,11,33
220902,11,33
220902,11,33
220915,11,33
220915,11,33
220915,11,33
184907,11,23
184907,11,23
184907,11,23
220912,11,23
220912,11,23
220912,11,23
220905,11,23
220905,11,23
220905,11,23
126911,11,23
126911,11,23
126911,11,23
126903,11,31
126903,11,31
126903,11,31
126906,11,31
126906,11,31
126906,11,31
126905,11,31
126905,11,31
126905,11,31
126904,11,31
126904,11,31
126904,11,31
220908,11,31
220908,11,31
220908,11,31
220914,11,31
220914,11,31
220914,11,31
220904,11,31
220904,11,31
220904,11,31
220901,11,31
220901,11,31
220901,11,31
126908,11,31
126908,11,31
126908,11,31
126902,11,31
126902,11,31
126902,11,31
126901,11,31
126901,11,31
126901,11,31
121906,5,5
121906,5,5
121903,5,5
121903,5,5
84903,5,4
84903,5,4
84903,5,4
100904,5,5
100904,5,5
176903,5,5
176903,5,5
181906,5,5
181906,5,5
181905,5,5
181905,5,5
181905,5,5
181908,5,5
181908,5,5
181901,5,5
181901,5,5
181901,5,5
181907,5,5
181907,5,5
181907,5,5
123913,5,5
123913,5,5
123913,5,5
123908,5,5
123908,5,5
123908,5,5
123907,5,5
123907,5,5
123907,5,5
123905,5,5
123905,5,5
123905,5,5
176902,5,5
176902,5,5
176901,5,5
176901,5,5
176901,5,5
121902,5,5
121902,5,5
121902,5,5
100903,5,5
100903,5,5
100907,5,5
100907,5,5
100907,5,5
123914,5,5
123914,5,5
123914,5,5
123910,5,5
123910,5,5
123910,5,5
229904,5,5
229904,5,5
229905,5,5
229905,5,5
121905,5,5
121905,5,5
121904,5,5
121904,5,5
121904,5,5
229906,5,5
229906,5,5
229906,5,5
229901,5,5
229901,5,5
229901,5,5
229903,5,5
229903,5,5
100908,5,5
100908,5,5
100905,5,5
100905,5,5
100905,5,5
137904,2,2
137904,2,2
137904,2,2
137903,2,2
137903,2,2
137902,2,2
137902,2,2
137901,2,2
137901,2,2
178915,2,2
178915,2,2
178909,2,2
178909,2,2
178914,2,2
178914,2,2
178905,2,2
178905,2,2
178903,2,2
178903,2,2
178902,2,2
178902,2,2
178913,2,2
178913,2,2
178901,2,2
178901,2,2
125903,2,2
125903,2,2
125903,2,2
125906,2,2
125906,2,2
125906,2,2
125902,2,2
125902,2,2
125902,2,2
125901,2,2
125901,2,2
125901,2,2
178908,2,2
178908,2,2
13902,2,2
13902,2,2
13902,2,2
149902,2,2
149902,2,2
149902,2,2
13905,2,2
13905,2,2
13905,2,2
13903,2,2
13903,2,2
13903,2,2
205904,2,2
205904,2,2
205904,2,2
13901,2,2
13901,2,2
13901,2,2
149901,2,2
149901,2,2
149901,2,2
178906,2,2
178906,2,2
66005,2,2
66005,2,2
66005,2,2
66902,2,2
66902,2,2
66902,2,2
125905,2,2
125905,2,2
125905,2,2
66903,2,2
66903,2,2
66903,2,2
162904,2,2
162904,2,2
162904,2,2
66901,2,2
66901,2,2
66901,2,2
24901,2,2
24901,2,2
24901,2,2
131001,2,2
131001,2,2
131001,2,2
205903,2,2
205903,2,2
205901,2,2
205901,2,2
4901,2,2
4901,2,2
205907,2,2
205907,2,2
205906,2,2
205906,2,2
205905,2,2
205905,2,2
205902,2,2
205902,2,2
178912,2,2
178912,2,2
178904,2,2
178904,2,2
230903,7,7
230903,7,7
230903,7,7
210903,7,7
210903,7,7
210903,7,7
201904,7,7
201904,7,7
201904,7,7
201908,7,7
201908,7,7
201908,7,7
201907,7,7
201907,7,7
201907,7,7
201903,7,7
201903,7,7
201903,7,7
201902,7,7
201902,7,7
201902,7,7
174903,7,7
174903,7,7
174903,7,7
174902,7,7
174902,7,7
174902,7,7
92902,7,7
92902,7,7
92902,7,7
201910,7,7
201910,7,7
201910,7,7
37907,7,7
37907,7,7
37907,7,7
102903,7,7
102903,7,7
102903,7,7
230906,7,7
230906,7,7
230906,7,7
102902,7,7
102902,7,7
102902,7,7
102901,7,7
102901,7,7
102901,7,7
102905,7,7
102905,7,7
102905,7,7
102904,7,7
102904,7,7
102904,7,7
102906,7,7
102906,7,7
102906,7,7
250907,7,7
250907,7,7
250907,7,7
174906,7,7
174906,7,7
174906,7,7
174904,7,7
174904,7,7
174904,7,7
174909,7,7
174909,7,7
174909,7,7
174911,7,7
174911,7,7
174911,7,7
174908,7,7
174908,7,7
174908,7,7
212910,7,7
212910,7,7
212910,7,7
212909,7,7
212909,7,7
212909,7,7
210905,7,7
210905,7,7
210905,7,7
210906,7,7
210906,7,7
210906,7,7
210901,7,7
210901,7,7
210901,7,7
250904,7,7
250904,7,7
250904,7,7
250903,7,7
250903,7,7
250903,7,7
250902,7,7
250902,7,7
250902,7,7
230902,7,7
230902,7,7
230902,7,7
234906,7,7
234906,7,7
234906,7,7
234905,7,7
234905,7,7
212903,7,7
212903,7,7
212903,7,7
107905,7,7
107905,7,7
92908,7,7
92908,7,7
92908,7,7
92907,7,7
92907,7,7
92907,7,7
92906,7,7
92906,7,7
92906,7,7
92904,7,7
92904,7,7
92904,7,7
92903,7,7
92903,7,7
92903,7,7
92901,7,7
92901,7,7
92901,7,7
107907,7,7
107907,7,7
107907,7,7
107908,7,7
107908,7,7
107906,7,7
107906,7,7
107906,7,7
107904,7,7
107904,7,7
107904,7,7
183904,7,7
183904,7,7
183904,7,7
183902,7,7
183902,7,7
183902,7,7
183901,7,7
183901,7,7
183901,7,7
210904,7,7
210904,7,7
210904,7,7
210902,7,7
210902,7,7
210902,7,7
3903,7,7
3903,7,7
3903,7,7
3904,7,7
3904,7,7
3904,7,7
3902,7,7
3902,7,7
3902,7,7
3907,7,7
3907,7,7
3907,7,7
37909,7,7
37909,7,7
37909,7,7
1908,7,7
1908,7,7
1908,7,7
1909,7,7
1909,7,7
1909,7,7
1907,7,7
1907,7,7
1906,7,7
1906,7,7
107910,7,7
107910,7,7
1903,7,7
1903,7,7
1903,7,7
1902,7,7
1902,7,7
1902,7,7
107901,7,7
107901,7,7
37901,7,7
37901,7,7
37901,7,7
230904,7,7
230904,7,7
230904,7,7
230908,7,7
230908,7,7
230908,7,7
230905,7,7
230905,7,7
230905,7,7
230901,7,7
230901,7,7
230901,7,7
202903,7,7
202903,7,7
202903,7,7
203902,7,7
203902,7,7
203902,7,7
202905,7,7
202905,7,7
202905,7,7
174910,7,7
174910,7,7
174910,7,7
174901,7,7
174901,7,7
174901,7,7
203901,7,7
203901,7,7
203901,7,7
3905,7,7
3905,7,7
3905,7,7
3906,7,7
3906,7,7
3906,7,7
201914,7,7
201914,7,7
201914,7,7
201913,7,7
201913,7,7
201913,7,7
212901,7,7
212901,7,7
212901,7,7
37908,7,7
37908,7,7
37908,7,7
212902,7,7
212902,7,7
212902,7,7
212906,7,7
212906,7,7
212906,7,7
212905,7,7
212905,7,7
212905,7,7
107902,7,7
107902,7,7
107902,7,7
1904,7,7
1904,7,7
212904,7,7
212904,7,7
212904,7,7
37904,7,7
37904,7,7
250905,7,7
250905,7,7
250906,7,7
250906,7,7
250906,7,7
234904,7,7
234904,7,7
234904,7,7
234909,7,7
234909,7,7
234903,7,7
234903,7,7
190903,7,7
190903,7,7
155901,8,8
155901,8,8
155901,8,8
34902,8,8
34902,8,8
112908,8,8
112908,8,8
112909,8,8
112909,8,8
19907,8,8
19907,8,8
19909,8,8
19909,8,8
19906,8,8
19906,8,8
19911,8,8
19911,8,8
19912,8,8
19912,8,8
19905,8,8
19905,8,8
19903,8,8
19903,8,8
19910,8,8
19910,8,8
19908,8,8
19908,8,8
19914,8,8
19914,8,8
19913,8,8
19913,8,8
19902,8,8
19902,8,8
19901,8,8
19901,8,8
34907,8,8
34907,8,8
34906,8,8
34906,8,8
34905,8,8
34905,8,8
34903,8,8
34903,8,8
34909,8,8
34909,8,8
34901,8,8
34901,8,8
194905,8,8
194905,8,8
225902,8,8
225902,8,8
172902,8,8
172902,8,8
225906,8,8
225906,8,8
172905,8,8
172905,8,8
194902,8,8
194902,8,8
32902,8,8
32902,8,8
32902,8,8
225907,8,8
225907,8,8
80901,8,8
80901,8,8
80901,8,8
194903,8,8
194903,8,8
194904,8,8
194904,8,8
139909,8,8
139909,8,8
139911,8,8
139911,8,8
112910,8,8
112910,8,8
139912,8,8
139912,8,8
139905,8,8
139905,8,8
112905,8,8
112905,8,8
112901,8,8
112901,8,8
112906,8,8
112906,8,8
60902,8,8
60902,8,8
112907,8,8
112907,8,8
60914,8,8
60914,8,8
195901,18,18
195901,18,18
195901,18,18
195902,18,18
195902,18,18
195902,18,18
222901,18,18
222901,18,18
222901,18,18
231902,18,18
231902,18,18
231902,18,18
231901,18,18
231901,18,18
231901,18,18
189902,18,18
189902,18,18
189902,18,18
189901,18,18
189901,18,18
189901,18,18
238902,18,18
238902,18,18
238902,18,18
238904,18,18
238904,18,18
238904,18,18
156905,18,18
156905,18,18
52901,18,18
52901,18,18
52901,18,18
55901,18,18
55901,18,18
55901,18,18
165901,18,18
165901,18,18
165901,18,18
165902,18,18
165902,18,18
122902,18,18
122902,18,18
122902,18,18
122901,18,18
122901,18,18
122901,18,18
114902,18,18
114902,18,18
114901,18,18
114901,18,18
114904,18,18
114904,18,18
156902,18,18
156902,18,18
22004,18,18
22004,18,18
22004,18,18
22903,18,18
22903,18,18
22903,18,18
22902,18,18
22902,18,18
22902,18,18
22901,18,18
22901,18,18
22901,18,18
192901,18,18
192901,18,18
192901,18,18
87901,18,18
87901,18,18
87901,18,18
186903,18,18
186903,18,18
186903,18,18
186902,18,18
186902,18,18
186902,18,18
186901,18,18
186901,18,18
186901,18,18
248901,18,18
248901,18,18
248901,18,18
248902,18,18
248902,18,18
248902,18,18
68901,18,18
68901,18,18
68901,18,18
2901,18,18
2901,18,18
2901,18,18
200906,15,15
200906,15,15
200904,15,15
200904,15,15
200902,15,15
200902,15,15
200901,15,15
200901,15,15
41901,15,15
41901,15,15
226905,15,15
226905,15,15
41902,15,15
41902,15,15
53001,15,15
53001,15,15
53001,15,15
218901,15,15
218901,15,15
218901,15,15
25906,15,15
25906,15,15
25905,15,15
25905,15,15
25904,15,15
25904,15,15
25901,15,15
25901,15,15
226906,15,15
226906,15,15
226906,15,15
226908,15,15
226908,15,15
226903,15,15
226903,15,15
226907,15,15
226907,15,15
226901,15,15
226901,15,15
226901,15,15
25909,15,15
25909,15,15
25902,15,15
25902,15,15
233901,15,15
233901,15,15
233901,15,15
233903,15,15
233903,15,15
233903,15,15
216901,15,15
216901,15,15
207901,15,15
207901,15,15
207901,15,15
69902,15,15
69902,15,15
69902,15,15
206901,15,15
206901,15,15
206901,15,15
206903,15,15
206903,15,15
118902,15,15
118902,15,15
118902,15,15
42901,15,15
42901,15,15
69901,15,15
69901,15,15
69901,15,15
134901,15,15
134901,15,15
134901,15,15
25908,15,15
25908,15,15
42903,15,15
42903,15,15
160901,15,15
160901,15,15
42905,15,15
42905,15,15
164901,15,15
164901,15,15
164901,15,15
157901,15,15
157901,15,15
157901,15,15
48901,15,15
48901,15,15
48901,15,15
160904,15,15
160904,15,15
160905,15,15
160905,15,15
206902,15,15
206902,15,15
48903,15,15
48903,15,15
82902,20,27
82902,20,27
82902,20,27
247901,20,27
247901,20,27
247901,20,27
254902,20,27
254902,20,27
254902,20,27
254901,20,27
254901,20,27
254901,20,27
136901,20,20
136901,20,20
136901,20,20
232901,20,20
232901,20,20
232901,20,20
247903,20,27
247903,20,27
247903,20,27
7905,20,27
7905,20,27
7905,20,27
7902,20,27
7902,20,27
7902,20,27
247906,20,27
247906,20,27
247906,20,27
247904,20,27
247904,20,27
247904,20,27
15906,20,27
15906,20,27
15906,20,27
15917,20,27
15917,20,27
15917,20,27
15904,20,27
15904,20,27
15904,20,27
15911,20,27
15911,20,27
15911,20,27
15914,20,27
15914,20,27
15914,20,27
15901,20,27
15901,20,27
15901,20,27
15908,20,27
15908,20,27
15908,20,27
64903,20,27
64903,20,27
64903,20,27
159901,20,27
159901,20,27
159901,20,27
142901,20,27
142901,20,27
142901,20,27
193902,20,20
193902,20,20
193902,20,20
133905,20,20
133905,20,20
133905,20,20
133903,20,20
133903,20,20
133903,20,20
133904,20,20
133904,20,20
133904,20,20
133902,20,20
133902,20,20
133902,20,20
133901,20,20
133901,20,20
133901,20,20
15916,20,27
15916,20,27
15916,20,27
232902,20,20
232902,20,20
232902,20,20
232903,20,20
232903,20,20
232903,20,20
232904,20,20
232904,20,20
232904,20,20
10901,20,20
10901,20,20
10901,20,20
15909,20,27
15909,20,27
15909,20,27
163902,20,20
163902,20,20
163902,20,20
7901,20,27
7901,20,27
7901,20,27
82903,20,27
82903,20,27
82903,20,27
163904,20,20
163904,20,20
163904,20,20
15915,20,20
15915,20,20
15915,20,20
15912,20,27
15912,20,27
15912,20,27
10902,20,20
10902,20,20
10902,20,20
130901,20,20
130901,20,20
130901,20,20
15910,20,27
15910,20,27
15910,20,27
15905,20,20
15905,20,20
15905,20,20
15907,20,27
15907,20,27
15907,20,27
15913,20,20
15913,20,20
15913,20,20
163903,20,20
163903,20,20
163903,20,20
7906,20,27
7906,20,27
7906,20,27
7904,20,27
7904,20,27
7904,20,27
163901,20,20
163901,20,20
163901,20,20
163908,20,20
163908,20,20
163908,20,20
127906,14,14
127906,14,14
104907,14,14
104907,14,14
221904,14,14
221904,14,14
127901,14,14
127901,14,14
221905,14,14
221905,14,14
76903,14,14
76903,14,14
127903,14,14
127903,14,14
177902,14,14
177902,14,14
76904,14,14
76904,14,14
177901,14,14
177901,14,14
208901,14,14
208901,14,14
67907,14,14
67907,14,14
67903,14,14
67903,14,14
30901,14,14
30901,14,14
67902,14,14
67902,14,14
67908,14,14
67908,14,14
67904,14,14
67904,14,14
47902,14,14
47902,14,14
177903,14,14
177903,14,14
104901,14,14
104901,14,14
104903,14,14
104903,14,14
208902,14,14
208902,14,14
47905,14,14
47905,14,14
47903,14,14
47903,14,14
47903,14,14
47901,14,14
47901,14,14
168903,14,14
168903,14,14
168902,14,14
168902,14,14
208903,14,14
208903,14,14
168901,14,14
168901,14,14
215901,14,14
215901,14,14
217901,14,14
217901,14,14
177905,14,14
177905,14,14
30902,14,14
30902,14,14
127904,14,14
127904,14,14
221901,14,14
221901,14,14
221911,14,14
221911,14,14
30903,14,14
30903,14,14
30906,14,14
30906,14,14
127905,14,14
127905,14,14
209902,14,14
209902,14,14
209901,14,14
209901,14,14
221912,14,14
221912,14,14
39904,9,9
39904,9,9
169906,9,9
169906,9,9
169909,9,9
169909,9,9
169902,9,9
169902,9,9
169908,9,9
169908,9,9
169911,9,9
169911,9,9
138902,9,9
138902,9,9
252902,9,9
252902,9,9
252901,9,9
252901,9,9
244903,9,9
244903,9,9
78901,9,9
78901,9,9
119903,9,9
119903,9,9
119903,9,9
39905,9,9
39905,9,9
119901,9,9
119901,9,9
169901,9,9
169901,9,9
243902,9,9
243902,9,9
99902,9,9
99902,9,9
99903,9,9
99903,9,9
224902,9,9
224902,9,9
224901,9,9
224901,9,9
138903,9,9
138903,9,9
12901,9,9
12901,9,9
5904,9,9
5904,9,9
252903,9,9
252903,9,9
119902,9,9
119902,9,9
244905,9,9
244905,9,9
244901,9,9
244901,9,9
138904,9,9
138904,9,9
243905,9,9
243905,9,9
39902,9,9
39902,9,9
39903,9,9
39903,9,9
243906,9,9
243906,9,9
243901,9,9
243901,9,9
243903,9,9
243903,9,9
5902,9,9
5902,9,9
5901,9,9
5901,9,9
169910,9,9
169910,9,9
235904,3,3
235904,3,3
235902,3,3
235902,3,3
120905,3,3
120905,3,3
235901,3,3
235901,3,3
158906,3,3
158906,3,3
158902,3,3
158902,3,3
158904,3,3
158904,3,3
158901,3,3
158901,3,3
158905,3,3
158905,3,3
241904,3,3
241904,3,3
241906,3,3
241906,3,3
241903,3,3
241903,3,3
241903,3,3
143905,3,3
143905,3,3
143906,3,3
143906,3,3
143903,3,3
143903,3,3
143902,3,3
143902,3,3
143902,3,3
120902,3,3
120902,3,3
120901,3,3
120901,3,3
128903,3,3
128903,3,3
128903,3,3
128902,3,3
128902,3,3
128902,3,3
196902,3,3
196902,3,3
196901,3,3
196901,3,3
45905,3,3
45905,3,3
45905,3,3
143901,3,3
143901,3,3
143901,3,3
62906,3,3
62906,3,3
62904,3,3
62904,3,3
62904,3,3
62903,3,3
62903,3,3
62905,3,3
62905,3,3
62902,3,3
62902,3,3
62902,3,3
62901,3,3
62901,3,3
128901,3,3
128901,3,3
128901,3,3
45902,3,3
45902,3,3
45902,3,3
196903,3,3
196903,3,3
88902,3,3
88902,3,3
88902,3,3
128904,3,3
128904,3,3
128904,3,3
29901,3,3
29901,3,3
143904,3,3
143904,3,3
45903,3,3
45903,3,3
45903,3,3
241901,3,3
241901,3,3
241902,3,3
241902,3,3
241902,3,3
146907,4,4
146907,4,4
146907,4,4
84906,4,35
84906,4,35
20906,4,35
20906,4,35
20905,4,35
20905,4,35
36903,4,4
36903,4,4
36903,4,4
237902,4,21
237902,4,21
237902,4,21
101910,4,4
101910,4,4
101910,4,4
101917,4,4
101917,4,4
101917,4,4
101902,4,4
101902,4,4
101902,4,4
101919,4,4
101919,4,4
101919,4,4
101925,4,4
101925,4,4
101925,4,4
146901,4,4
146901,4,4
146901,4,4
101913,4,4
101913,4,4
101913,4,4
101921,4,21
101921,4,21
101921,4,21
101915,4,4
101915,4,4
101915,4,4
20910,4,25
20910,4,25
20907,4,35
20907,4,35
237904,4,21
237904,4,21
237904,4,21
101920,4,21
101920,4,21
101920,4,21
101907,4,21
101907,4,21
101907,4,21
79910,4,25
79910,4,25
101903,4,21
101903,4,21
79901,4,25
79901,4,25
79901,4,25
237905,4,21
237905,4,21
237905,4,21
101914,4,21
101914,4,21
101914,4,21
79906,4,25
79906,4,25
20901,4,35
20901,4,35
20908,4,35
20908,4,35
20908,4,35
20904,4,35
20904,4,35
20902,4,35
20902,4,35
101912,4,26
101912,4,26
101912,4,26
84909,4,35
84909,4,35
84908,4,35
84908,4,35
84911,4,35
84911,4,35
79907,4,25
79907,4,25
146905,4,4
146905,4,4
146906,4,4
146906,4,4
146904,4,4
146904,4,4
146904,4,4
146903,4,4
146903,4,4
146903,4,4
84902,4,35
84902,4,35
84902,4,35
101924,4,4
101924,4,4
101924,4,4
101908,4,4
101908,4,4
101908,4,4
101905,4,4
101905,4,4
101905,4,4
36902,4,4
36902,4,4
36902,4,4
146902,4,4
146902,4,4
146902,4,4
84901,4,35
84901,4,35
84901,4,35
84910,4,35
84910,4,35
84910,4,35
101906,4,4
101906,4,4
101906,4,4
101916,4,4
101916,4,4
101911,4,4
101911,4,4
36901,4,4
36901,4,4
36901,4,4
89903,13,32
89903,13,32
89903,13,32
75903,13,30
75903,13,30
75903,13,30
75902,13,30
75902,13,30
75902,13,30
75901,13,30
75901,13,30
75901,13,30
75906,13,30
75906,13,30
75906,13,30
166905,13,13
166905,13,13
166905,13,13
246907,13,13
246907,13,13
246907,13,13
246905,13,13
246905,13,13
246905,13,13
246902,13,13
246902,13,13
246902,13,13
89905,13,32
89905,13,32
89905,13,32
89901,13,32
89901,13,32
89901,13,32
28906,13,32
28906,13,32
28906,13,32
28903,13,32
28903,13,32
28903,13,32
11904,13,30
11904,13,30
11904,13,30
144903,13,30
144903,13,30
144903,13,30
75908,13,30
75908,13,30
75908,13,30
144901,13,30
144901,13,30
144901,13,30
150901,13,24
150901,13,24
150901,13,24
246908,13,13
246908,13,13
246908,13,13
27903,13,13
27903,13,13
27903,13,13
246904,13,13
246904,13,13
246904,13,13
28902,13,32
28902,13,32
28902,13,32
105906,13,32
105906,13,32
105906,13,32
246912,13,13
246912,13,13
246912,13,13
144902,13,30
144902,13,30
144902,13,30
11905,13,30
11905,13,30
11905,13,30
11901,13,30
11901,13,30
11901,13,30
227910,13,30
227910,13,30
227910,13,30
227904,13,13
227904,13,13
227904,13,13
227907,13,13
227907,13,13
227907,13,13
246914,13,13
246914,13,13
246914,13,13
246911,13,13
246911,13,13
246911,13,13
11902,13,30
11902,13,30
11902,13,30
246909,13,13
246909,13,13
246909,13,13
246906,13,13
246906,13,13
246906,13,13
227913,13,13
227913,13,13
227913,13,13
227909,13,13
227909,13,13
227909,13,13
227901,13,32
227901,13,32
227901,13,32
105904,13,24
105904,13,24
105904,13,24
27904,13,13
27904,13,13
27904,13,13
246913,13,13
246913,13,13
246913,13,13
227912,13,13
227912,13,13
227912,13,13
16901,13,24
16901,13,24
16901,13,24
86024,13,24
86024,13,24
86024,13,24
86902,13,24
86902,13,24
86902,13,24
86901,13,24
86901,13,24
86901,13,24
130902,13,24
130902,13,24
130902,13,24
94903,13,32
94903,13,32
94903,13,32
16902,13,24
16902,13,24
16902,13,24
94902,13,32
94902,13,32
94902,13,32
105905,13,24
105905,13,24
105905,13,24
105902,13,32
105902,13,32
105902,13,32
46901,13,32
46901,13,32
46901,13,32
94901,13,32
94901,13,32
94901,13,32
94904,13,32
94904,13,32
94904,13,32
46902,13,32
46902,13,32
46902,13,32
115902,19,19
115902,19,19
115902,19,19
115901,19,19
115901,19,19
115901,19,19
115903,19,19
115903,19,19
115903,19,19
71908,19,19
71908,19,19
71908,19,19
71903,19,19
71903,19,19
71903,19,19
71904,19,19
71904,19,19
71904,19,19
71901,19,19
71901,19,19
71901,19,19
71906,19,19
71906,19,19
71902,19,19
71902,19,19
71907,19,19
71907,19,19
71905,19,19
71905,19,19
71905,19,19
71909,19,19
71909,19,19
71909,19,19
214903,1,1
214903,1,1
214903,1,1
253901,1,1
253901,1,1
253901,1,1
240901,1,1
240901,1,1
240901,1,1
124901,1,1
124901,1,1
124901,1,1
240904,1,1
240904,1,1
240904,1,1
240903,1,1
240903,1,1
240903,1,1
214902,1,1
214902,1,1
214902,1,1
108912,1,1
108912,1,1
108912,1,1
214901,1,1
214901,1,1
214901,1,1
108908,1,1
108908,1,1
108908,1,1
108906,1,1
108906,1,1
108906,1,1
108916,1,1
108916,1,1
108916,1,1
108911,1,1
108911,1,1
108911,1,1
108909,1,1
108909,1,1
108909,1,1
108905,1,1
108905,1,1
108905,1,1
108904,1,1
108904,1,1
108904,1,1
108903,1,1
108903,1,1
108903,1,1
108910,1,1
108910,1,1
108910,1,1
108913,1,1
108913,1,1
108913,1,1
108902,1,1
108902,1,1
108902,1,1
108915,1,1
108915,1,1
108915,1,1
245904,1,1
245904,1,1
245903,1,1
245903,1,1
245903,1,1
245901,1,1
245901,1,1
245901,1,1
108914,1,1
108914,1,1
108914,1,1
108907,1,1
108907,1,1
108907,1,1
31914,1,1
31914,1,1
31914,1,1
31905,1,1
31905,1,1
31905,1,1
31913,1,1
31913,1,1
31913,1,1
31911,1,1
31911,1,1
245902,1,1
245902,1,1
245902,1,1
31903,1,1
31903,1,1
31901,1,1
31901,1,1
31912,1,1
31912,1,1
31909,1,1
31909,1,1
31906,1,1
31906,1,1
